"Species","Source","FMAXE","D"
"Hipposideros armiger","Chakravarty et al. 2020",67.28568023853,7.89539154125378
"Hipposideros armiger","Chakravarty et al. 2020",67.28568023853,7.89539154125378
"Hipposideros armiger","Chakravarty et al. 2020",67.28568023853,7.89539154125378
"Hipposideros armiger","Chakravarty et al. 2020",67.28568023853,7.89539154125378
"Hipposideros armiger","Chakravarty et al. 2020",67.9451213475783,7.58521116147749
"Hipposideros armiger","Chakravarty et al. 2020",68.7970918958541,7.85874918946065
"Hipposideros armiger","Chakravarty et al. 2020",68.7970918958541,7.85874918946065
"Hipposideros armiger","Chakravarty et al. 2020",69.1552715903614,7.77745883432217
"Hipposideros armiger","Chakravarty et al. 2020",68.5442013336346,7.820724258665
"Hipposideros armiger","Chakravarty et al. 2020",68.5442013336346,7.820724258665
"Hipposideros armiger","Chakravarty et al. 2020",68.5442013336346,7.820724258665
"Hipposideros armiger","Chakravarty et al. 2020",67.28568023853,7.89539154125378
"Hipposideros armiger","Chakravarty et al. 2020",67.9451213475783,7.58521116147749
"Hipposideros armiger","Chakravarty et al. 2020",67.28568023853,7.89539154125378
"Hipposideros armiger","Chakravarty et al. 2020",67.9451213475783,7.58521116147749
"Hipposideros armiger","Chakravarty et al. 2020",67.9451213475783,7.58521116147749
"Hipposideros armiger","Chakravarty et al. 2020",68.5442013336346,7.820724258665
"Hipposideros armiger","Chakravarty et al. 2020",69.1552715903614,7.77745883432217
"Hipposideros armiger","Chakravarty et al. 2020",68.7970918958541,7.85874918946065
"Hipposideros armiger","Chakravarty et al. 2020",69.1552715903614,7.77745883432217
"Hipposideros armiger","Chakravarty et al. 2020",68.5442013336346,7.820724258665
"Hipposideros armiger","Chakravarty et al. 2020",68.5442013336346,7.820724258665
"Hipposideros armiger","Chakravarty et al. 2020",68.7970918958541,7.85874918946065
"Hipposideros armiger","Chakravarty et al. 2020",67.28568023853,7.89539154125378
"Hipposideros armiger","Chakravarty et al. 2020",67.9451213475783,7.58521116147749
"Hipposideros armiger","Chakravarty et al. 2020",69.1552715903614,7.77745883432217
"Hipposideros armiger","Chakravarty et al. 2020",68.7970918958541,7.85874918946065
"Hipposideros armiger","Chakravarty et al. 2020",68.5442013336346,7.820724258665
"Hipposideros armiger","Chakravarty et al. 2020",69.1552715903614,7.77745883432217
"Hipposideros armiger","Chakravarty et al. 2020",69.1552715903614,7.77745883432217
"Hipposideros armiger","Chakravarty et al. 2020",69.1552715903614,7.77745883432217
"Hipposideros armiger","Chakravarty et al. 2020",68.7970918958541,7.85874918946065
"Hipposideros armiger","Chakravarty et al. 2020",68.5442013336346,7.820724258665
"Hipposideros armiger","Chakravarty et al. 2020",67.28568023853,7.89539154125378
"Hipposideros armiger","Chakravarty et al. 2020",67.28568023853,7.89539154125378
"Hipposideros armiger","Chakravarty et al. 2020",68.7970918958541,7.85874918946065
"Hipposideros armiger","Chakravarty et al. 2020",68.7970918958541,7.85874918946065
"Hipposideros armiger","Chakravarty et al. 2020",67.9451213475783,7.58521116147749
"Hipposideros armiger","Chakravarty et al. 2020",68.7970918958541,7.85874918946065
"Hipposideros armiger","Chakravarty et al. 2020",67.9451213475783,7.58521116147749
"Hipposideros armiger","Chakravarty et al. 2020",68.5442013336346,7.820724258665
"Hipposideros armiger","Chakravarty et al. 2020",69.1552715903614,7.77745883432217
"Hipposideros armiger","Chakravarty et al. 2020",67.9451213475783,7.58521116147749
"Hipposideros armiger","Chakravarty et al. 2020",68.7970918958541,7.85874918946065
"Hipposideros armiger","Chakravarty et al. 2020",68.5442013336346,7.820724258665
"Hipposideros armiger","Chakravarty et al. 2020",67.9451213475783,7.58521116147749
"Hipposideros armiger","Chakravarty et al. 2020",67.9451213475783,7.58521116147749
"Hipposideros armiger","Chakravarty et al. 2020",68.7970918958541,7.85874918946065
"Hipposideros armiger","Chakravarty et al. 2020",67.9451213475783,7.58521116147749
"Hipposideros armiger","Chakravarty et al. 2020",69.1552715903614,7.77745883432217
"Hipposideros ater","Raman & Hughes, 2020",165.512041658671,3.63280042466242
"Hipposideros ater","Raman & Hughes, 2020",165.254778700802,3.67895466169808
"Hipposideros ater","Raman & Hughes, 2020",164.724778510034,3.6262724674074
"Hipposideros ater","Raman & Hughes, 2020",164.858511632378,3.99733835016843
"Hipposideros ater","Raman & Hughes, 2020",165.204715248304,4.02883982663043
"Hipposideros ater","Raman & Hughes, 2020",165.204715248304,4.02883982663043
"Hipposideros ater","Raman & Hughes, 2020",164.924347365703,4.12378756370395
"Hipposideros ater","Raman & Hughes, 2020",164.975614259657,3.32608454599977
"Hipposideros ater","Raman & Hughes, 2020",165.254778700802,3.67895466169808
"Hipposideros ater","Raman & Hughes, 2020",164.858511632378,3.99733835016843
"Hipposideros ater","Raman & Hughes, 2020",165.254778700802,3.67895466169808
"Hipposideros ater","Raman & Hughes, 2020",165.512041658671,3.63280042466242
"Hipposideros ater","Raman & Hughes, 2020",164.924347365703,4.12378756370395
"Hipposideros ater","Raman & Hughes, 2020",164.222446427871,3.5557385908952
"Hipposideros ater","Raman & Hughes, 2020",164.924347365703,4.12378756370395
"Hipposideros ater","Raman & Hughes, 2020",165.254778700802,3.67895466169808
"Hipposideros ater","Raman & Hughes, 2020",164.222446427871,3.5557385908952
"Hipposideros ater","Raman & Hughes, 2020",164.924347365703,4.12378756370395
"Hipposideros ater","Raman & Hughes, 2020",164.389385281447,3.97672353770584
"Hipposideros ater","Raman & Hughes, 2020",164.924347365703,4.12378756370395
"Hipposideros ater","Raman & Hughes, 2020",164.975614259657,3.32608454599977
"Hipposideros ater","Raman & Hughes, 2020",165.048811554774,4.13309590891469
"Hipposideros ater","Raman & Hughes, 2020",165.512041658671,3.63280042466242
"Hipposideros ater","Raman & Hughes, 2020",164.858511632378,3.99733835016843
"Hipposideros ater","Raman & Hughes, 2020",165.204715248304,4.02883982663043
"Hipposideros ater","Raman & Hughes, 2020",165.512041658671,3.63280042466242
"Hipposideros ater","Raman & Hughes, 2020",164.724778510034,3.6262724674074
"Hipposideros ater","Raman & Hughes, 2020",164.975614259657,3.32608454599977
"Hipposideros ater","Raman & Hughes, 2020",164.389385281447,3.97672353770584
"Hipposideros ater","Raman & Hughes, 2020",164.724778510034,3.6262724674074
"Hipposideros ater","Raman & Hughes, 2020",165.204715248304,4.02883982663043
"Hipposideros ater","Raman & Hughes, 2020",164.858511632378,3.99733835016843
"Hipposideros ater","Raman & Hughes, 2020",164.924347365703,4.12378756370395
"Hipposideros ater","Raman & Hughes, 2020",165.204715248304,4.02883982663043
"Hipposideros ater","Raman & Hughes, 2020",164.975614259657,3.32608454599977
"Hipposideros ater","Raman & Hughes, 2020",165.254778700802,3.67895466169808
"Hipposideros ater","Raman & Hughes, 2020",165.204715248304,4.02883982663043
"Hipposideros ater","Raman & Hughes, 2020",164.924347365703,4.12378756370395
"Hipposideros ater","Raman & Hughes, 2020",165.048811554774,4.13309590891469
"Hipposideros ater","Raman & Hughes, 2020",164.222446427871,3.5557385908952
"Hipposideros ater","Raman & Hughes, 2020",164.222446427871,3.5557385908952
"Hipposideros ater","Raman & Hughes, 2020",164.222446427871,3.5557385908952
"Hipposideros ater","Raman & Hughes, 2020",164.975614259657,3.32608454599977
"Hipposideros ater","Raman & Hughes, 2020",165.048811554774,4.13309590891469
"Hipposideros ater","Raman & Hughes, 2020",164.858511632378,3.99733835016843
"Hipposideros ater","Raman & Hughes, 2020",164.924347365703,4.12378756370395
"Hipposideros ater","Raman & Hughes, 2020",164.924347365703,4.12378756370395
"Hipposideros ater","Raman & Hughes, 2020",165.512041658671,3.63280042466242
"Hipposideros ater","Raman & Hughes, 2020",165.204715248304,4.02883982663043
"Hipposideros ater","Raman & Hughes, 2020",164.975614259657,3.32608454599977
"Hipposideros diadema","Srinivasulu et al. 2017",59.2041855761036,4.43471578942612
"Hipposideros diadema","Srinivasulu et al. 2017",58.9561983127147,4.26253686722368
"Hipposideros diadema","Srinivasulu et al. 2017",59.1949298025295,4.55688920741901
"Hipposideros diadema","Srinivasulu et al. 2017",59.2041855761036,4.43471578942612
"Hipposideros diadema","Srinivasulu et al. 2017",58.9457401885465,4.66197617644444
"Hipposideros diadema","Srinivasulu et al. 2017",59.2041855761036,4.43471578942612
"Hipposideros diadema","Srinivasulu et al. 2017",59.2041855761036,4.43471578942612
"Hipposideros diadema","Srinivasulu et al. 2017",59.2041855761036,4.43471578942612
"Hipposideros diadema","Srinivasulu et al. 2017",58.9561983127147,4.26253686722368
"Hipposideros diadema","Srinivasulu et al. 2017",59.2041855761036,4.43471578942612
"Hipposideros diadema","Srinivasulu et al. 2017",58.9457401885465,4.66197617644444
"Hipposideros diadema","Srinivasulu et al. 2017",59.1949298025295,4.55688920741901
"Hipposideros diadema","Srinivasulu et al. 2017",58.9457401885465,4.66197617644444
"Hipposideros diadema","Srinivasulu et al. 2017",58.9457401885465,4.66197617644444
"Hipposideros diadema","Srinivasulu et al. 2017",59.1158458141983,4.86912607156672
"Hipposideros diadema","Srinivasulu et al. 2017",59.1949298025295,4.55688920741901
"Hipposideros diadema","Srinivasulu et al. 2017",59.2041855761036,4.43471578942612
"Hipposideros diadema","Srinivasulu et al. 2017",59.1949298025295,4.55688920741901
"Hipposideros diadema","Srinivasulu et al. 2017",59.1949298025295,4.55688920741901
"Hipposideros diadema","Srinivasulu et al. 2017",58.9561983127147,4.26253686722368
"Hipposideros diadema","Srinivasulu et al. 2017",58.9457401885465,4.66197617644444
"Hipposideros diadema","Srinivasulu et al. 2017",59.1949298025295,4.55688920741901
"Hipposideros diadema","Srinivasulu et al. 2017",59.1949298025295,4.55688920741901
"Hipposideros diadema","Srinivasulu et al. 2017",59.2041855761036,4.43471578942612
"Hipposideros diadema","Srinivasulu et al. 2017",59.1949298025295,4.55688920741901
"Hipposideros diadema","Srinivasulu et al. 2017",59.1158458141983,4.86912607156672
"Hipposideros diadema","Srinivasulu et al. 2017",59.1158458141983,4.86912607156672
"Hipposideros diadema","Srinivasulu et al. 2017",59.2041855761036,4.43471578942612
"Hipposideros diadema","Srinivasulu et al. 2017",58.9561983127147,4.26253686722368
"Hipposideros diadema","Srinivasulu et al. 2017",59.1158458141983,4.86912607156672
"Hipposideros diadema","Srinivasulu et al. 2017",59.1949298025295,4.55688920741901
"Hipposideros diadema","Srinivasulu et al. 2017",58.9561983127147,4.26253686722368
"Hipposideros diadema","Srinivasulu et al. 2017",59.1949298025295,4.55688920741901
"Hipposideros diadema","Srinivasulu et al. 2017",59.1949298025295,4.55688920741901
"Hipposideros diadema","Srinivasulu et al. 2017",59.2041855761036,4.43471578942612
"Hipposideros diadema","Srinivasulu et al. 2017",59.1949298025295,4.55688920741901
"Hipposideros diadema","Srinivasulu et al. 2017",58.9457401885465,4.66197617644444
"Hipposideros diadema","Srinivasulu et al. 2017",59.2041855761036,4.43471578942612
"Hipposideros diadema","Srinivasulu et al. 2017",59.2041855761036,4.43471578942612
"Hipposideros diadema","Srinivasulu et al. 2017",58.9561983127147,4.26253686722368
"Hipposideros diadema","Srinivasulu et al. 2017",59.1949298025295,4.55688920741901
"Hipposideros diadema","Srinivasulu et al. 2017",59.1158458141983,4.86912607156672
"Hipposideros diadema","Srinivasulu et al. 2017",59.1158458141983,4.86912607156672
"Hipposideros diadema","Srinivasulu et al. 2017",58.9457401885465,4.66197617644444
"Hipposideros diadema","Srinivasulu et al. 2017",59.1949298025295,4.55688920741901
"Hipposideros diadema","Srinivasulu et al. 2017",58.9561983127147,4.26253686722368
"Hipposideros diadema","Srinivasulu et al. 2017",58.9561983127147,4.26253686722368
"Hipposideros diadema","Srinivasulu et al. 2017",58.9561983127147,4.26253686722368
"Hipposideros diadema","Srinivasulu et al. 2017",59.1949298025295,4.55688920741901
"Hipposideros diadema","Srinivasulu et al. 2017",59.1158458141983,4.86912607156672
"Hipposideros durgadasi","Srinivasulu et al. 2016",175.292351484937,8.35553855053149
"Hipposideros durgadasi","Srinivasulu et al. 2016",175.20255881127,7.56182901578024
"Hipposideros durgadasi","Srinivasulu et al. 2016",175.20255881127,7.56182901578024
"Hipposideros durgadasi","Srinivasulu et al. 2016",174.860918816347,7.29991248226725
"Hipposideros durgadasi","Srinivasulu et al. 2016",175.257343822611,7.26763623323292
"Hipposideros durgadasi","Srinivasulu et al. 2016",175.064599539409,8.13865949725732
"Hipposideros durgadasi","Srinivasulu et al. 2016",175.20255881127,7.56182901578024
"Hipposideros durgadasi","Srinivasulu et al. 2016",175.292351484937,8.35553855053149
"Hipposideros durgadasi","Srinivasulu et al. 2016",175.399986546375,8.41644098395482
"Hipposideros durgadasi","Srinivasulu et al. 2016",175.393259382225,8.22351886993274
"Hipposideros durgadasi","Srinivasulu et al. 2016",175.257343822611,7.26763623323292
"Hipposideros durgadasi","Srinivasulu et al. 2016",175.064599539409,8.13865949725732
"Hipposideros durgadasi","Srinivasulu et al. 2016",175.20255881127,7.56182901578024
"Hipposideros durgadasi","Srinivasulu et al. 2016",175.20255881127,7.56182901578024
"Hipposideros durgadasi","Srinivasulu et al. 2016",174.860918816347,7.29991248226725
"Hipposideros durgadasi","Srinivasulu et al. 2016",174.775968324179,7.33729640102945
"Hipposideros durgadasi","Srinivasulu et al. 2016",175.064599539409,8.13865949725732
"Hipposideros durgadasi","Srinivasulu et al. 2016",175.292351484937,8.35553855053149
"Hipposideros durgadasi","Srinivasulu et al. 2016",175.20255881127,7.56182901578024
"Hipposideros durgadasi","Srinivasulu et al. 2016",175.257343822611,7.26763623323292
"Hipposideros durgadasi","Srinivasulu et al. 2016",174.775968324179,7.33729640102945
"Hipposideros durgadasi","Srinivasulu et al. 2016",175.064599539409,8.13865949725732
"Hipposideros durgadasi","Srinivasulu et al. 2016",175.393259382225,8.22351886993274
"Hipposideros durgadasi","Srinivasulu et al. 2016",175.393259382225,8.22351886993274
"Hipposideros durgadasi","Srinivasulu et al. 2016",174.775968324179,7.33729640102945
"Hipposideros durgadasi","Srinivasulu et al. 2016",175.292351484937,8.35553855053149
"Hipposideros durgadasi","Srinivasulu et al. 2016",174.918565142634,7.89181068099104
"Hipposideros durgadasi","Srinivasulu et al. 2016",175.257343822611,7.26763623323292
"Hipposideros durgadasi","Srinivasulu et al. 2016",175.399986546375,8.41644098395482
"Hipposideros durgadasi","Srinivasulu et al. 2016",175.292351484937,8.35553855053149
"Hipposideros durgadasi","Srinivasulu et al. 2016",175.292351484937,8.35553855053149
"Hipposideros durgadasi","Srinivasulu et al. 2016",174.918565142634,7.89181068099104
"Hipposideros durgadasi","Srinivasulu et al. 2016",175.393259382225,8.22351886993274
"Hipposideros durgadasi","Srinivasulu et al. 2016",175.20255881127,7.56182901578024
"Hipposideros durgadasi","Srinivasulu et al. 2016",174.918565142634,7.89181068099104
"Hipposideros durgadasi","Srinivasulu et al. 2016",175.138528929129,8.1405244845897
"Hipposideros durgadasi","Srinivasulu et al. 2016",175.138528929129,8.1405244845897
"Hipposideros durgadasi","Srinivasulu et al. 2016",174.918565142634,7.89181068099104
"Hipposideros durgadasi","Srinivasulu et al. 2016",175.399986546375,8.41644098395482
"Hipposideros durgadasi","Srinivasulu et al. 2016",174.860918816347,7.29991248226725
"Hipposideros durgadasi","Srinivasulu et al. 2016",174.775968324179,7.33729640102945
"Hipposideros durgadasi","Srinivasulu et al. 2016",175.399986546375,8.41644098395482
"Hipposideros durgadasi","Srinivasulu et al. 2016",174.860918816347,7.29991248226725
"Hipposideros durgadasi","Srinivasulu et al. 2016",175.393259382225,8.22351886993274
"Hipposideros durgadasi","Srinivasulu et al. 2016",175.393259382225,8.22351886993274
"Hipposideros durgadasi","Srinivasulu et al. 2016",175.257343822611,7.26763623323292
"Hipposideros durgadasi","Srinivasulu et al. 2016",175.20255881127,7.56182901578024
"Hipposideros durgadasi","Srinivasulu et al. 2016",174.775968324179,7.33729640102945
"Hipposideros durgadasi","Srinivasulu et al. 2016",175.257343822611,7.26763623323292
"Hipposideros durgadasi","Srinivasulu et al. 2016",174.918565142634,7.89181068099104
"Hipposideros fulvus","Srinivasulu et al. 2015",156.170331022372,2.98990299417637
"Hipposideros fulvus","Srinivasulu et al. 2015",157.694789295946,3.61190892563201
"Hipposideros fulvus","Srinivasulu et al. 2015",157.454365472905,4.01643939203583
"Hipposideros fulvus","Srinivasulu et al. 2015",157.436754673752,2.49798223785125
"Hipposideros fulvus","Srinivasulu et al. 2015",155.508887534216,2.18968642640859
"Hipposideros fulvus","Srinivasulu et al. 2015",157.198151289122,2.87948633361608
"Hipposideros fulvus","Srinivasulu et al. 2015",156.751444215043,2.01922568324022
"Hipposideros fulvus","Srinivasulu et al. 2015",155.758135299338,2.37960700789466
"Hipposideros fulvus","Raman & Hughes, 2020",151.272010096908,4.24091247280128
"Hipposideros fulvus","Srinivasulu et al. 2015",157.417998823249,3.44521136468276
"Hipposideros fulvus","Srinivasulu et al. 2015",155.60734660049,3.00743704025634
"Hipposideros fulvus","Srinivasulu et al. 2015",155.773153130831,4.01861892610788
"Hipposideros fulvus","Srinivasulu et al. 2015",156.098731908272,3.4566836991068
"Hipposideros fulvus","Srinivasulu et al. 2015",153.726552412021,2.30142237950116
"Hipposideros fulvus","Srinivasulu et al. 2015",156.390050713704,2.71715522998944
"Hipposideros fulvus","Srinivasulu et al. 2015",154.93450878547,2.43310080723837
"Hipposideros fulvus","Srinivasulu et al. 2015",155.351941484008,2.83970406241715
"Hipposideros fulvus","Srinivasulu et al. 2015",155.187807885129,2.876219576234
"Hipposideros fulvus","Srinivasulu et al. 2015",155.9555686629,2.39471735260449
"Hipposideros fulvus","Srinivasulu et al. 2015",154.625023794314,3.43881731003523
"Hipposideros fulvus","Srinivasulu et al. 2015",154.809245795994,2.46093055760488
"Hipposideros fulvus","Srinivasulu et al. 2015",156.641156049934,2.84364646771923
"Hipposideros fulvus","Srinivasulu et al. 2015",157.607461326453,2.43831090954132
"Hipposideros fulvus","Srinivasulu et al. 2015",155.452545234589,3.383232096266
"Hipposideros fulvus","Srinivasulu et al. 2015",156.098731908272,3.4566836991068
"Hipposideros fulvus","Srinivasulu et al. 2015",156.560215774425,3.74704074343666
"Hipposideros fulvus","Srinivasulu et al. 2015",155.74895786379,3.34112009312958
"Hipposideros fulvus","Srinivasulu et al. 2015",154.284920923538,2.13958535291255
"Hipposideros fulvus","Srinivasulu et al. 2015",157.276165379821,2.84926213318482
"Hipposideros fulvus","Srinivasulu et al. 2015",156.285493299239,2.17076728720218
"Hipposideros fulvus","Srinivasulu et al. 2015",154.935293683526,3.26115605679341
"Hipposideros fulvus","Srinivasulu et al. 2015",154.837802033308,3.22402586420998
"Hipposideros fulvus","Srinivasulu et al. 2015",155.86659440028,3.14243141088635
"Hipposideros fulvus","Srinivasulu et al. 2015",154.926658469639,3.76252389421686
"Hipposideros fulvus","Srinivasulu et al. 2015",156.985022140592,3.66190776751377
"Hipposideros fulvus","Srinivasulu et al. 2015",155.659200194105,2.95973915683106
"Hipposideros fulvus","Raman & Hughes, 2020",151.552287895046,4.02821699383669
"Hipposideros fulvus","Srinivasulu et al. 2015",154.844450686825,3.26317261428572
"Hipposideros fulvus","Srinivasulu et al. 2015",155.500350061054,2.44621011472307
"Hipposideros fulvus","Srinivasulu et al. 2015",154.889694452072,3.39388231250457
"Hipposideros fulvus","Srinivasulu et al. 2015",154.14934413034,3.97755870510824
"Hipposideros fulvus","Srinivasulu et al. 2015",155.797551107518,3.07317227175459
"Hipposideros fulvus","Srinivasulu et al. 2015",157.478505632626,3.20413777129725
"Hipposideros fulvus","Srinivasulu et al. 2015",155.128309168043,3.69218527195975
"Hipposideros fulvus","Srinivasulu et al. 2015",156.722266155416,2.76653327495791
"Hipposideros fulvus","Srinivasulu et al. 2015",154.93821060414,2.97967098349705
"Hipposideros fulvus","Srinivasulu et al. 2015",155.508887534216,2.18968642640859
"Hipposideros fulvus","Srinivasulu et al. 2015",155.406172655397,4.01385550313629
"Hipposideros fulvus","Srinivasulu et al. 2015",154.93450878547,2.43310080723837
"Hipposideros fulvus","Srinivasulu et al. 2015",154.293982236926,3.94858090857044
"Hipposideros galeritus","Srinivasulu et al. 2015",113.603136417451,4.81553360844031
"Hipposideros galeritus","Srinivasulu & Srinivasulu, 2017",113.480601862241,7.18781674813945
"Hipposideros galeritus","Shah & Srinivasulu, 2020",108.229704886824,5.26262445575558
"Hipposideros galeritus","Shah & Srinivasulu, 2020",108.260275970935,5.53246065634303
"Hipposideros galeritus","Shah & Srinivasulu, 2020",108.618792804722,5.29057262416463
"Hipposideros galeritus","Shah & Srinivasulu, 2020",108.13867905621,5.70340933583211
"Hipposideros galeritus","Raman & Hughes, 2020",114.243007601476,5.79422646731604
"Hipposideros galeritus","Srinivasulu & Srinivasulu, 2017",113.622039259044,6.94490299501922
"Hipposideros galeritus","Raman & Hughes, 2020",114.409053604212,6.63826416373253
"Hipposideros galeritus","Raman & Hughes, 2020",114.409053604212,6.63826416373253
"Hipposideros galeritus","Raman & Hughes, 2020",114.409053604212,6.63826416373253
"Hipposideros galeritus","Srinivasulu & Srinivasulu, 2017",113.688866984965,6.55400052899495
"Hipposideros galeritus","Raman & Hughes, 2020",114.19258128121,6.03238900640048
"Hipposideros galeritus","Shah & Srinivasulu, 2020",108.757865922232,6.20545211827848
"Hipposideros galeritus","Shah & Srinivasulu, 2020",107.776252475246,5.82573489136994
"Hipposideros galeritus","Raman & Hughes, 2020",114.107238065228,5.76589376555756
"Hipposideros galeritus","Shah & Srinivasulu, 2020",108.1896427229,5.89449928265531
"Hipposideros galeritus","Raman & Hughes, 2020",114.213401012211,5.91680414812639
"Hipposideros galeritus","Srinivasulu & Srinivasulu, 2017",113.480601862241,7.18781674813945
"Hipposideros galeritus","Shah & Srinivasulu, 2020",108.126123797311,6.04331776979379
"Hipposideros galeritus","Shah & Srinivasulu, 2020",108.126123797311,6.04331776979379
"Hipposideros galeritus","Srinivasulu et al. 2015",110.105630489248,4.62626823595725
"Hipposideros galeritus","Srinivasulu et al. 2015",110.105630489248,4.62626823595725
"Hipposideros galeritus","Shah & Srinivasulu, 2020",108.1896427229,5.89449928265531
"Hipposideros galeritus","Raman & Hughes, 2020",114.309403982656,5.96429377814755
"Hipposideros galeritus","Srinivasulu & Srinivasulu, 2017",113.613895034874,6.31626070872881
"Hipposideros galeritus","Srinivasulu et al. 2015",109.866178094125,4.79391981960274
"Hipposideros galeritus","Shah & Srinivasulu, 2020",108.067764964965,5.6747434343677
"Hipposideros galeritus","Raman & Hughes, 2020",114.107238065228,5.76589376555756
"Hipposideros galeritus","Srinivasulu & Srinivasulu, 2017",113.88015140594,6.37797528109513
"Hipposideros galeritus","Shah & Srinivasulu, 2020",107.73120432178,5.90631075359415
"Hipposideros galeritus","Shah & Srinivasulu, 2020",109.617578451815,5.63701670141891
"Hipposideros galeritus","Srinivasulu et al. 2015",111.570215243353,5.07572721424513
"Hipposideros galeritus","Srinivasulu et al. 2015",109.885736491433,4.61814138031565
"Hipposideros galeritus","Raman & Hughes, 2020",114.477895834269,5.73756232265849
"Hipposideros galeritus","Shah & Srinivasulu, 2020",107.873636152176,5.950636107428
"Hipposideros galeritus","Shah & Srinivasulu, 2020",109.070179916997,5.6765399905853
"Hipposideros galeritus","Shah & Srinivasulu, 2020",108.618792804722,5.29057262416463
"Hipposideros galeritus","Shah & Srinivasulu, 2020",108.609762760736,6.09346981113777
"Hipposideros galeritus","Shah & Srinivasulu, 2020",107.926037716051,5.63604385631625
"Hipposideros galeritus","Srinivasulu et al. 2015",109.866178094125,4.79391981960274
"Hipposideros galeritus","Srinivasulu & Srinivasulu, 2017",113.33216074571,6.45550001359079
"Hipposideros galeritus","Shah & Srinivasulu, 2020",108.451429343591,5.66370690460317
"Hipposideros galeritus","Srinivasulu & Srinivasulu, 2017",113.34373504783,6.74663933617994
"Hipposideros galeritus","Shah & Srinivasulu, 2020",108.433640820365,5.62857062146068
"Hipposideros galeritus","Shah & Srinivasulu, 2020",109.209851560434,6.05901953573339
"Hipposideros galeritus","Shah & Srinivasulu, 2020",108.605160227166,5.85184540704358
"Hipposideros galeritus","Shah & Srinivasulu, 2020",108.609762760736,6.09346981113777
"Hipposideros galeritus","Raman & Hughes, 2020",114.308048354532,6.18504371039569
"Hipposideros galeritus","Srinivasulu & Srinivasulu, 2017",113.444621373611,6.05872648463119
"Hipposideros gentilis","Srinivasulu et al. 2017",130.074830255937,7.23474952746183
"Hipposideros gentilis","Srinivasulu et al. 2017",137.580532770464,3.38557609805837
"Hipposideros gentilis","Srinivasulu et al. 2017",127.610067741983,4.92526814304292
"Hipposideros gentilis","Srinivasulu et al. 2017",127.25109821415,7.04153157375753
"Hipposideros gentilis","Srinivasulu et al. 2017",126.151357348515,5.90874491725117
"Hipposideros gentilis","Srinivasulu et al. 2017",130.092282484472,7.04280440676957
"Hipposideros gentilis","Srinivasulu et al. 2017",125.083748749443,7.09567057546228
"Hipposideros gentilis","Srinivasulu et al. 2017",129.336178754503,5.46639083240181
"Hipposideros gentilis","Srinivasulu et al. 2017",125.436684984071,5.13030161112547
"Hipposideros gentilis","Srinivasulu et al. 2017",122.869930130551,5.04307319749147
"Hipposideros gentilis","Srinivasulu et al. 2017",124.47110899183,6.43812054760754
"Hipposideros gentilis","Srinivasulu et al. 2017",124.447420005552,5.2325670253858
"Hipposideros gentilis","Srinivasulu et al. 2017",122.869930130551,5.04307319749147
"Hipposideros gentilis","Srinivasulu et al. 2017",122.81425764347,6.41922332096845
"Hipposideros gentilis","Srinivasulu et al. 2017",127.011408686228,4.76216656446457
"Hipposideros gentilis","Srinivasulu et al. 2017",125.467711022282,5.6297965843603
"Hipposideros gentilis","Srinivasulu et al. 2017",126.191735867918,4.53824647713453
"Hipposideros gentilis","Srinivasulu et al. 2017",125.075053228354,5.92519013565034
"Hipposideros gentilis","Srinivasulu et al. 2017",126.781695379158,5.83823780380189
"Hipposideros gentilis","Srinivasulu et al. 2017",122.925702434308,6.22312575004995
"Hipposideros gentilis","Srinivasulu et al. 2017",124.727181550204,4.56708713520318
"Hipposideros gentilis","Srinivasulu et al. 2017",123.87352904126,4.89730997797102
"Hipposideros gentilis","Srinivasulu et al. 2017",129.5156373613,5.85184820022434
"Hipposideros gentilis","Srinivasulu et al. 2017",124.447420005552,5.2325670253858
"Hipposideros gentilis","Srinivasulu et al. 2017",137.307489622338,3.48656952212099
"Hipposideros gentilis","Srinivasulu et al. 2017",126.703987578251,6.25627739001065
"Hipposideros gentilis","Srinivasulu et al. 2017",137.99683212121,3.22729591603857
"Hipposideros gentilis","Srinivasulu et al. 2017",128.053175805332,5.71920859724283
"Hipposideros gentilis","Srinivasulu et al. 2017",126.647844775668,7.4210469738394
"Hipposideros gentilis","Srinivasulu et al. 2017",128.950092565557,5.9204359190166
"Hipposideros gentilis","Srinivasulu et al. 2017",129.910647612377,6.85912741024047
"Hipposideros gentilis","Srinivasulu et al. 2017",128.597302349033,3.7915805574134
"Hipposideros gentilis","Srinivasulu et al. 2017",130.113309392384,5.05938103731722
"Hipposideros gentilis","Srinivasulu et al. 2017",127.25109821415,7.04153157375753
"Hipposideros gentilis","Srinivasulu et al. 2017",126.703987578251,6.25627739001065
"Hipposideros gentilis","Srinivasulu et al. 2017",128.920015360545,6.23863128550351
"Hipposideros gentilis","Srinivasulu et al. 2017",129.287509178934,4.88060124728829
"Hipposideros gentilis","Srinivasulu et al. 2017",127.610067741983,4.92526814304292
"Hipposideros gentilis","Srinivasulu et al. 2017",123.111309448546,4.79773336783052
"Hipposideros gentilis","Srinivasulu et al. 2017",127.303150435979,6.01734748199582
"Hipposideros gentilis","Srinivasulu et al. 2017",122.556038744994,5.2599372907728
"Hipposideros gentilis","Srinivasulu et al. 2017",122.925702434308,6.22312575004995
"Hipposideros gentilis","Srinivasulu et al. 2017",129.034088912215,5.09149879675359
"Hipposideros gentilis","Srinivasulu et al. 2017",137.878810757073,2.95557440484408
"Hipposideros gentilis","Srinivasulu et al. 2017",127.217813845971,7.4136384768039
"Hipposideros gentilis","Srinivasulu et al. 2017",122.81425764347,6.41922332096845
"Hipposideros gentilis","Srinivasulu et al. 2017",122.81425764347,6.41922332096845
"Hipposideros gentilis","Srinivasulu et al. 2017",122.354265044853,4.83137283984572
"Hipposideros gentilis","Srinivasulu et al. 2017",129.091958618639,4.51079032186419
"Hipposideros gentilis","Srinivasulu et al. 2017",125.519260609164,5.61965363800526
"Hipposideros hypophyllus","Srinivasulu et al. 2016",103.147073535435,6.73779748079833
"Hipposideros hypophyllus","Srinivasulu et al. 2016",103.571051975871,6.55272854375187
"Hipposideros hypophyllus","Srinivasulu et al. 2016",103.969911197685,5.95002243018243
"Hipposideros hypophyllus","Srinivasulu et al. 2016",103.737687048046,5.74506104565691
"Hipposideros hypophyllus","Srinivasulu et al. 2016",104.618887120653,6.12702237525023
"Hipposideros hypophyllus","Srinivasulu et al. 2016",103.237190786675,6.52393556521274
"Hipposideros hypophyllus","Srinivasulu et al. 2016",103.571051975871,6.55272854375187
"Hipposideros hypophyllus","Srinivasulu et al. 2016",103.895682403082,6.30110702918377
"Hipposideros hypophyllus","Srinivasulu et al. 2016",104.321273450041,6.53830027337186
"Hipposideros hypophyllus","Srinivasulu et al. 2016",104.618887120653,6.12702237525023
"Hipposideros hypophyllus","Srinivasulu et al. 2016",104.355977469822,6.84379091887735
"Hipposideros hypophyllus","Srinivasulu et al. 2016",103.237190786675,6.52393556521274
"Hipposideros hypophyllus","Srinivasulu et al. 2016",104.027747355718,5.77135669692885
"Hipposideros hypophyllus","Srinivasulu et al. 2016",103.895682403082,6.30110702918377
"Hipposideros hypophyllus","Srinivasulu et al. 2016",104.618887120653,6.12702237525023
"Hipposideros hypophyllus","Srinivasulu et al. 2016",103.627067544013,6.82157260004431
"Hipposideros hypophyllus","Srinivasulu et al. 2016",103.219455412123,6.57729926665314
"Hipposideros hypophyllus","Srinivasulu et al. 2016",104.027747355718,5.77135669692885
"Hipposideros hypophyllus","Srinivasulu et al. 2016",104.618887120653,6.12702237525023
"Hipposideros hypophyllus","Srinivasulu et al. 2016",103.969911197685,5.95002243018243
"Hipposideros hypophyllus","Srinivasulu et al. 2016",103.969911197685,5.95002243018243
"Hipposideros hypophyllus","Srinivasulu et al. 2016",104.618887120653,6.12702237525023
"Hipposideros hypophyllus","Srinivasulu et al. 2016",104.321273450041,6.53830027337186
"Hipposideros hypophyllus","Srinivasulu et al. 2016",103.512898459574,5.34796009878628
"Hipposideros hypophyllus","Srinivasulu et al. 2016",103.17149111853,6.2037341342913
"Hipposideros hypophyllus","Srinivasulu et al. 2016",103.219455412123,6.57729926665314
"Hipposideros hypophyllus","Srinivasulu et al. 2016",104.321273450041,6.53830027337186
"Hipposideros hypophyllus","Srinivasulu et al. 2016",104.321273450041,6.53830027337186
"Hipposideros hypophyllus","Srinivasulu et al. 2016",103.219455412123,6.57729926665314
"Hipposideros hypophyllus","Srinivasulu et al. 2016",104.355977469822,6.84379091887735
"Hipposideros hypophyllus","Srinivasulu et al. 2016",103.237190786675,6.52393556521274
"Hipposideros hypophyllus","Srinivasulu et al. 2016",103.147073535435,6.73779748079833
"Hipposideros hypophyllus","Srinivasulu et al. 2016",103.219455412123,6.57729926665314
"Hipposideros hypophyllus","Srinivasulu et al. 2016",103.737687048046,5.74506104565691
"Hipposideros hypophyllus","Srinivasulu et al. 2016",103.571051975871,6.55272854375187
"Hipposideros hypophyllus","Srinivasulu et al. 2016",103.737687048046,5.74506104565691
"Hipposideros hypophyllus","Srinivasulu et al. 2016",103.116643620739,6.87232855386101
"Hipposideros hypophyllus","Srinivasulu et al. 2016",103.627067544013,6.82157260004431
"Hipposideros hypophyllus","Srinivasulu et al. 2016",103.219455412123,6.57729926665314
"Hipposideros hypophyllus","Srinivasulu et al. 2016",103.219455412123,6.57729926665314
"Hipposideros hypophyllus","Srinivasulu et al. 2016",103.147073535435,6.73779748079833
"Hipposideros hypophyllus","Srinivasulu et al. 2016",103.116643620739,6.87232855386101
"Hipposideros hypophyllus","Srinivasulu et al. 2016",103.737687048046,5.74506104565691
"Hipposideros hypophyllus","Srinivasulu et al. 2016",103.627067544013,6.82157260004431
"Hipposideros hypophyllus","Srinivasulu et al. 2016",103.737687048046,5.74506104565691
"Hipposideros hypophyllus","Srinivasulu et al. 2016",104.321273450041,6.53830027337186
"Hipposideros hypophyllus","Srinivasulu et al. 2016",103.17149111853,6.2037341342913
"Hipposideros hypophyllus","Srinivasulu et al. 2016",103.512898459574,5.34796009878628
"Hipposideros hypophyllus","Srinivasulu et al. 2016",103.219455412123,6.57729926665314
"Hipposideros hypophyllus","Srinivasulu et al. 2016",103.237190786675,6.52393556521274
"Hipposideros lankadiva","Srinivasulu et al. 2015",74.5109943777323,10.088141661766
"Hipposideros lankadiva","Srinivasulu et al. 2015",75.0415834148973,6.07216525970958
"Hipposideros lankadiva","Srinivasulu et al. 2015",79.4077556770295,5.79540677681099
"Hipposideros lankadiva","Srinivasulu et al. 2015",83.0554690378904,6.2380555000063
"Hipposideros lankadiva","Srinivasulu et al. 2015",74.1805946018547,9.55798924269155
"Hipposideros lankadiva","Srinivasulu et al. 2015",80.7573862963915,9.08809932065662
"Hipposideros lankadiva","Srinivasulu et al. 2015",75.1046624705941,11.0260065230774
"Hipposideros lankadiva","Srinivasulu et al. 2015",78.3292977460474,12.038321383791
"Hipposideros lankadiva","Srinivasulu et al. 2015",83.5000169961154,7.40857630466111
"Hipposideros lankadiva","Srinivasulu et al. 2015",77.0207200478017,11.0064230415644
"Hipposideros lankadiva","Srinivasulu et al. 2015",79.5748788850754,8.28343882332556
"Hipposideros lankadiva","Srinivasulu et al. 2015",82.5403515929729,6.65601662124973
"Hipposideros lankadiva","Srinivasulu et al. 2015",82.1535652953386,7.42233466776553
"Hipposideros lankadiva","Srinivasulu et al. 2015",78.8852570358664,8.60275728128385
"Hipposideros lankadiva","Srinivasulu et al. 2015",80.8570697379112,6.11080171507783
"Hipposideros lankadiva","Srinivasulu et al. 2015",80.5990413893759,6.5723297766922
"Hipposideros lankadiva","Srinivasulu et al. 2015",78.1812433386594,8.85850306482986
"Hipposideros lankadiva","Srinivasulu et al. 2015",76.091807705909,11.5614364443393
"Hipposideros lankadiva","Srinivasulu et al. 2015",82.2572896210849,10.0678280285234
"Hipposideros lankadiva","Srinivasulu et al. 2015",82.7722012489289,11.6877161997184
"Hipposideros lankadiva","Srinivasulu et al. 2015",75.439383925572,8.98558447952848
"Hipposideros lankadiva","Srinivasulu et al. 2015",77.6398746525496,11.9786982845655
"Hipposideros lankadiva","Srinivasulu et al. 2015",81.5381983541697,11.2836718412163
"Hipposideros lankadiva","Srinivasulu et al. 2015",75.8652748131752,10.8186776845297
"Hipposideros lankadiva","Srinivasulu et al. 2015",81.3341993256658,6.12896744478494
"Hipposideros lankadiva","Srinivasulu et al. 2015",76.9254359284043,7.52593895176425
"Hipposideros lankadiva","Srinivasulu et al. 2015",81.415173818171,8.07142394475639
"Hipposideros lankadiva","Srinivasulu et al. 2015",79.1127947737277,9.69270551859401
"Hipposideros lankadiva","Srinivasulu et al. 2015",78.3292977460474,12.038321383791
"Hipposideros lankadiva","Srinivasulu et al. 2015",74.9350701092184,10.5751771273557
"Hipposideros lankadiva","Srinivasulu et al. 2015",82.4577400863916,11.2233527508331
"Hipposideros lankadiva","Srinivasulu et al. 2015",74.4526599083841,11.6006023328286
"Hipposideros lankadiva","Srinivasulu et al. 2015",77.2781095323712,11.4472031373531
"Hipposideros lankadiva","Srinivasulu et al. 2015",81.6867330472916,6.15558250543196
"Hipposideros lankadiva","Srinivasulu et al. 2015",73.3835178713501,7.69431135730352
"Hipposideros lankadiva","Srinivasulu et al. 2015",77.631530534327,7.09391250378918
"Hipposideros lankadiva","Srinivasulu et al. 2015",80.4625335066766,5.5146433776617
"Hipposideros lankadiva","Srinivasulu et al. 2015",83.1118888675421,6.95788870577235
"Hipposideros lankadiva","Srinivasulu et al. 2015",82.6293325663358,6.2452220474137
"Hipposideros lankadiva","Srinivasulu et al. 2015",82.040480241403,10.466547834673
"Hipposideros lankadiva","Srinivasulu et al. 2015",76.432561506629,7.23297469087411
"Hipposideros lankadiva","Srinivasulu et al. 2015",73.2648460996896,6.26588876210619
"Hipposideros lankadiva","Srinivasulu et al. 2015",80.7718447749317,6.80748086212668
"Hipposideros lankadiva","Srinivasulu et al. 2015",76.3879208209366,10.3595658374578
"Hipposideros lankadiva","Srinivasulu et al. 2015",80.4870286568999,6.57561517831869
"Hipposideros lankadiva","Srinivasulu et al. 2015",73.5052577778697,9.71095298257191
"Hipposideros lankadiva","Srinivasulu et al. 2015",82.0123565147817,9.38410396779887
"Hipposideros lankadiva","Srinivasulu et al. 2015",77.8507740408182,11.8025642693508
"Hipposideros lankadiva","Srinivasulu et al. 2015",83.4689389351755,8.71117481105961
"Hipposideros lankadiva","Srinivasulu et al. 2015",81.415173818171,8.07142394475639
"Hipposideros larvatus","Srinivasulu et al. 2017",95.0532548558339,5.98457025690004
"Hipposideros larvatus","Srinivasulu et al. 2017",95.7512775267195,5.98950654747896
"Hipposideros larvatus","Srinivasulu et al. 2017",93.624070901922,6.5938207891304
"Hipposideros larvatus","Srinivasulu et al. 2017",93.4092381556379,6.18176576057449
"Hipposideros larvatus","Srinivasulu et al. 2017",95.4225284488453,6.53084540236741
"Hipposideros larvatus","Srinivasulu et al. 2017",94.6102286872361,6.2154501575511
"Hipposideros larvatus","Srinivasulu et al. 2017",94.4564387020422,5.41856898567639
"Hipposideros larvatus","Srinivasulu et al. 2017",95.5414723068103,5.70656953933649
"Hipposideros larvatus","Srinivasulu et al. 2017",92.7674629940372,5.8304003153462
"Hipposideros larvatus","Srinivasulu et al. 2017",92.8464279717533,5.53912493856624
"Hipposideros larvatus","Srinivasulu et al. 2017",94.8059118028777,5.74093976421282
"Hipposideros larvatus","Srinivasulu et al. 2017",92.8464279717533,5.53912493856624
"Hipposideros larvatus","Srinivasulu et al. 2017",95.7487417889154,5.35425556423143
"Hipposideros larvatus","Srinivasulu et al. 2017",95.6391174705466,5.69340129233897
"Hipposideros larvatus","Srinivasulu et al. 2017",94.4001139147207,5.33668196643703
"Hipposideros larvatus","Srinivasulu et al. 2017",94.9741574108927,5.92002450767905
"Hipposideros larvatus","Srinivasulu et al. 2017",93.3422390117357,6.58435859624296
"Hipposideros larvatus","Srinivasulu et al. 2017",95.0724266144307,6.24394905650988
"Hipposideros larvatus","Srinivasulu et al. 2017",94.0196292536659,6.49235657006502
"Hipposideros larvatus","Srinivasulu et al. 2017",93.7501079959376,5.42742577875033
"Hipposideros larvatus","Srinivasulu et al. 2017",94.0196292536659,6.49235657006502
"Hipposideros larvatus","Srinivasulu et al. 2017",95.8427854896756,5.88282564845867
"Hipposideros larvatus","Srinivasulu et al. 2017",92.8464279717533,5.53912493856624
"Hipposideros larvatus","Srinivasulu et al. 2017",95.4921470003994,6.49894606103189
"Hipposideros larvatus","Srinivasulu et al. 2017",92.9325949389301,5.78089466388337
"Hipposideros larvatus","Srinivasulu et al. 2017",93.8059365621861,6.29851416950114
"Hipposideros larvatus","Srinivasulu et al. 2017",93.7917912689503,5.33439834760502
"Hipposideros larvatus","Srinivasulu et al. 2017",94.0679598816717,5.45784600279294
"Hipposideros larvatus","Srinivasulu et al. 2017",92.3316057989467,5.96755123673938
"Hipposideros larvatus","Srinivasulu et al. 2017",91.9949600741826,6.00057157394476
"Hipposideros larvatus","Srinivasulu et al. 2017",93.2698794074403,6.32051227591
"Hipposideros larvatus","Srinivasulu et al. 2017",92.1411986876093,5.42983786575496
"Hipposideros larvatus","Srinivasulu et al. 2017",94.0196292536659,6.49235657006502
"Hipposideros larvatus","Srinivasulu et al. 2017",94.4067061515339,6.12805999335833
"Hipposideros larvatus","Srinivasulu et al. 2017",94.0196292536659,6.49235657006502
"Hipposideros larvatus","Srinivasulu et al. 2017",94.4001139147207,5.33668196643703
"Hipposideros larvatus","Srinivasulu et al. 2017",91.9949600741826,6.00057157394476
"Hipposideros larvatus","Srinivasulu et al. 2017",92.1411986876093,5.42983786575496
"Hipposideros larvatus","Srinivasulu et al. 2017",93.765451966282,5.93561344449408
"Hipposideros larvatus","Srinivasulu et al. 2017",95.7487417889154,5.35425556423143
"Hipposideros larvatus","Srinivasulu et al. 2017",94.5611873064982,5.63012266424485
"Hipposideros larvatus","Srinivasulu et al. 2017",92.9325949389301,5.78089466388337
"Hipposideros larvatus","Srinivasulu et al. 2017",92.9339331707545,6.01940795169212
"Hipposideros larvatus","Srinivasulu et al. 2017",95.0395161593845,6.49804210918956
"Hipposideros larvatus","Srinivasulu et al. 2017",92.8464279717533,5.53912493856624
"Hipposideros larvatus","Srinivasulu et al. 2017",93.9488656828739,5.77510177148506
"Hipposideros larvatus","Srinivasulu et al. 2017",93.765451966282,5.93561344449408
"Hipposideros larvatus","Srinivasulu et al. 2017",92.8464279717533,5.53912493856624
"Hipposideros larvatus","Srinivasulu et al. 2017",94.9741574108927,5.92002450767905
"Hipposideros larvatus","Srinivasulu et al. 2017",96.1314829867519,6.56163960397244
"Hipposideros pomona","Raman & Hughes, 2020",125.116891016765,6.87709336359054
"Hipposideros pomona","Raman & Hughes, 2020",121.564719984587,6.83224944520742
"Hipposideros pomona","Raman & Hughes, 2020",125.793276779843,6.30845324585214
"Hipposideros pomona","Raman & Hughes, 2020",122.613601358398,6.6680440848507
"Hipposideros pomona","Raman & Hughes, 2020",122.347559465165,5.82895615322515
"Hipposideros pomona","Raman & Hughes, 2020",124.926664827275,7.13455573506653
"Hipposideros pomona","Raman & Hughes, 2020",124.756358239125,5.97530397882685
"Hipposideros pomona","Raman & Hughes, 2020",121.044554338558,6.23138575073332
"Hipposideros pomona","Raman & Hughes, 2020",120.363749623229,5.93858694950119
"Hipposideros pomona","Raman & Hughes, 2020",124.341667761514,5.83426473202184
"Hipposideros pomona","Raman & Hughes, 2020",122.726446673134,6.2170118230395
"Hipposideros pomona","Raman & Hughes, 2020",120.539849433512,5.73094695270061
"Hipposideros pomona","Raman & Hughes, 2020",124.060515603051,6.24241280689836
"Hipposideros pomona","Raman & Hughes, 2020",122.347559465165,5.82895615322515
"Hipposideros pomona","Wordley et al. 2014",126.39534164971,8.15680563280359
"Hipposideros pomona","Raman & Hughes, 2020",122.096057067998,7.14862455330789
"Hipposideros pomona","Raman & Hughes, 2020",120.961242252775,6.29163934947923
"Hipposideros pomona","Raman & Hughes, 2020",123.131803299673,6.81644149841741
"Hipposideros pomona","Raman & Hughes, 2020",125.280711900699,6.05689072486013
"Hipposideros pomona","Raman & Hughes, 2020",121.242340317741,6.02841562509537
"Hipposideros pomona","Raman & Hughes, 2020",119.436266746093,6.52538706002757
"Hipposideros pomona","Raman & Hughes, 2020",122.91716806984,5.4588936621137
"Hipposideros pomona","Raman & Hughes, 2020",118.800309105567,6.37870194207877
"Hipposideros pomona","Raman & Hughes, 2020",119.794124557311,5.7494012551941
"Hipposideros pomona","Raman & Hughes, 2020",120.964062586334,6.23713016951457
"Hipposideros pomona","Raman & Hughes, 2020",121.283020357648,6.95859172297642
"Hipposideros pomona","Raman & Hughes, 2020",123.666924154013,6.31525516116992
"Hipposideros pomona","Raman & Hughes, 2020",123.338009494403,5.66431768141687
"Hipposideros pomona","Raman & Hughes, 2020",121.393079867493,6.90176529619843
"Hipposideros pomona","Raman & Hughes, 2020",125.458359361859,7.19729936501011
"Hipposideros pomona","Raman & Hughes, 2020",125.32427001344,6.66405660655349
"Hipposideros pomona","Raman & Hughes, 2020",122.581383762183,5.797592760548
"Hipposideros pomona","Raman & Hughes, 2020",120.660510950908,5.84631773930043
"Hipposideros pomona","Raman & Hughes, 2020",125.344523841748,7.17375429211184
"Hipposideros pomona","Raman & Hughes, 2020",122.631555427844,5.77474238783121
"Hipposideros pomona","Raman & Hughes, 2020",124.597963400674,7.06578535621986
"Hipposideros pomona","Raman & Hughes, 2020",124.90297695254,6.94091415444389
"Hipposideros pomona","Raman & Hughes, 2020",120.894786076923,5.80990915415809
"Hipposideros pomona","Raman & Hughes, 2020",121.904215886956,6.58438877621666
"Hipposideros pomona","Raman & Hughes, 2020",123.50412993154,5.59670022493228
"Hipposideros pomona","Raman & Hughes, 2020",122.91716806984,5.4588936621137
"Hipposideros pomona","Raman & Hughes, 2020",120.445032166084,6.44336918735877
"Hipposideros pomona","Raman & Hughes, 2020",122.985319328797,6.57240161959082
"Hipposideros pomona","Raman & Hughes, 2020",120.995121435123,5.78807338016108
"Hipposideros pomona","Raman & Hughes, 2020",123.408990924573,6.5759114173986
"Hipposideros pomona","Raman & Hughes, 2020",123.719190298254,5.67650546554476
"Hipposideros pomona","Wordley et al. 2014",127.043343509373,8.00746634418145
"Hipposideros pomona","Raman & Hughes, 2020",121.183460659673,5.87534670598805
"Hipposideros pomona","Raman & Hughes, 2020",125.65647209629,5.76362177027389
"Hipposideros pomona","Raman & Hughes, 2020",124.658247927669,6.90284343088046
"Hipposideros speoris","Srinivasulu et al. 2015",135.539580068337,4.88088866739068
"Hipposideros speoris","Srinivasulu et al. 2015",136.66027360471,6.13735396835022
"Hipposideros speoris","Raman & Hughes, 2020",129.410457412829,4.41476458701305
"Hipposideros speoris","Srinivasulu et al. 2015",137.013680613218,6.22179655706976
"Hipposideros speoris","Srinivasulu et al. 2015",138.270177208167,5.90781348173507
"Hipposideros speoris","Raman & Hughes, 2020",127.795054304181,5.46840785669163
"Hipposideros speoris","Srinivasulu et al. 2015",135.519423777126,7.03612440857571
"Hipposideros speoris","Srinivasulu et al. 2015",140.313544439394,6.6539680229919
"Hipposideros speoris","Raman & Hughes, 2020",128.659267369392,5.70628419493325
"Hipposideros speoris","Srinivasulu et al. 2015",136.99977898608,5.32374725867063
"Hipposideros speoris","Srinivasulu et al. 2015",137.108421381274,5.57080437788274
"Hipposideros speoris","Raman & Hughes, 2020",126.083620537622,4.99196622515097
"Hipposideros speoris","Srinivasulu et al. 2015",140.434325475665,5.08564841266722
"Hipposideros speoris","Raman & Hughes, 2020",129.782574185529,4.79462021038868
"Hipposideros speoris","Srinivasulu et al. 2015",141.396616975591,6.55849339797162
"Hipposideros speoris","Srinivasulu et al. 2015",142.006883500181,5.72664535962511
"Hipposideros speoris","Raman & Hughes, 2020",127.06757546992,5.10864956471138
"Hipposideros speoris","Srinivasulu et al. 2015",135.902980189677,6.31934731843416
"Hipposideros speoris","Srinivasulu et al. 2015",141.018577493932,6.43573877688032
"Hipposideros speoris","Raman & Hughes, 2020",121.403676761365,6.15317706776783
"Hipposideros speoris","Srinivasulu et al. 2015",140.798278796272,5.46762550615706
"Hipposideros speoris","Srinivasulu et al. 2015",140.725814900082,5.96941046431195
"Hipposideros speoris","Srinivasulu et al. 2015",137.075887364335,5.45822528461926
"Hipposideros speoris","Raman & Hughes, 2020",126.168858637773,4.56977106704377
"Hipposideros speoris","Raman & Hughes, 2020",125.95454537536,5.51846112380736
"Hipposideros speoris","Srinivasulu et al. 2015",139.652333962237,7.04369557004422
"Hipposideros speoris","Srinivasulu et al. 2015",142.14215685444,6.29904114214703
"Hipposideros speoris","Raman & Hughes, 2020",127.327164455969,6.20122736085206
"Hipposideros speoris","Srinivasulu et al. 2015",136.99977898608,5.32374725867063
"Hipposideros speoris","Srinivasulu et al. 2015",135.296538321273,6.89523660406005
"Hipposideros speoris","Srinivasulu et al. 2015",135.332883935617,6.89335280142724
"Hipposideros speoris","Raman & Hughes, 2020",127.327164455969,6.20122736085206
"Hipposideros speoris","Srinivasulu et al. 2015",142.217090582559,5.70939070374239
"Hipposideros speoris","Raman & Hughes, 2020",122.339063090403,5.32785431275144
"Hipposideros speoris","Srinivasulu et al. 2015",142.062300727535,5.14598320829216
"Hipposideros speoris","Srinivasulu et al. 2015",139.671464137593,5.66165358196013
"Hipposideros speoris","Srinivasulu et al. 2015",139.325983098187,6.49973257951438
"Hipposideros speoris","Srinivasulu et al. 2015",138.178732610624,6.01380893036257
"Hipposideros speoris","Raman & Hughes, 2020",129.865936315572,6.54162299885414
"Hipposideros speoris","Raman & Hughes, 2020",126.618484918932,6.8413310935162
"Hipposideros speoris","Srinivasulu et al. 2015",141.198105604602,5.16717038115952
"Hipposideros speoris","Srinivasulu et al. 2015",142.713780366331,7.0167818999663
"Hipposideros speoris","Srinivasulu et al. 2015",136.605433333646,6.25032194533385
"Hipposideros speoris","Srinivasulu et al. 2015",135.760949061941,7.02764797596727
"Hipposideros speoris","Srinivasulu et al. 2015",141.534397456804,5.92353659782559
"Hipposideros speoris","Srinivasulu et al. 2015",138.710366215175,6.21777387848124
"Hipposideros speoris","Srinivasulu et al. 2015",139.894359851778,6.17665221373085
"Hipposideros speoris","Srinivasulu et al. 2015",140.783120480422,5.41784066225868
"Hipposideros speoris","Srinivasulu et al. 2015",138.174671580382,5.28409960714169
"Hipposideros speoris","Srinivasulu et al. 2015",140.599691852452,6.65113737110514
"Rhinolophus affinis","Chakravarty et al. 2020",88.0114987349603,28.6184882238507
"Rhinolophus affinis","Chakravarty et al. 2020",87.7627050355077,18.2198913171887
"Rhinolophus affinis","Chakravarty et al. 2020",87.7627050355077,18.2198913171887
"Rhinolophus affinis","Chakravarty et al. 2020",88.1152796363458,26.2521745081991
"Rhinolophus affinis","Chakravarty et al. 2020",88.0114987349603,28.6184882238507
"Rhinolophus affinis","Chakravarty et al. 2020",88.0066949598026,27.3064645349979
"Rhinolophus affinis","Chakravarty et al. 2020",88.0114987349603,28.6184882238507
"Rhinolophus affinis","Chakravarty et al. 2020",88.1152796363458,26.2521745081991
"Rhinolophus affinis","Chakravarty et al. 2020",87.7627050355077,18.2198913171887
"Rhinolophus affinis","Chakravarty et al. 2020",87.7627050355077,18.2198913171887
"Rhinolophus affinis","Chakravarty et al. 2020",88.1152796363458,26.2521745081991
"Rhinolophus affinis","Chakravarty et al. 2020",87.9329007338733,24.0092597711831
"Rhinolophus affinis","Chakravarty et al. 2020",88.0114987349603,28.6184882238507
"Rhinolophus affinis","Chakravarty et al. 2020",88.0114987349603,28.6184882238507
"Rhinolophus affinis","Chakravarty et al. 2020",87.9329007338733,24.0092597711831
"Rhinolophus affinis","Chakravarty et al. 2020",88.1152796363458,26.2521745081991
"Rhinolophus affinis","Chakravarty et al. 2020",88.1152796363458,26.2521745081991
"Rhinolophus affinis","Chakravarty et al. 2020",88.0114987349603,28.6184882238507
"Rhinolophus affinis","Chakravarty et al. 2020",88.0114987349603,28.6184882238507
"Rhinolophus affinis","Chakravarty et al. 2020",87.8975666788407,20.7791697543114
"Rhinolophus affinis","Chakravarty et al. 2020",87.9329007338733,24.0092597711831
"Rhinolophus affinis","Chakravarty et al. 2020",87.8975666788407,20.7791697543114
"Rhinolophus affinis","Chakravarty et al. 2020",88.1516766108573,24.4389930032194
"Rhinolophus affinis","Chakravarty et al. 2020",87.8975666788407,20.7791697543114
"Rhinolophus affinis","Chakravarty et al. 2020",87.8975666788407,20.7791697543114
"Rhinolophus affinis","Chakravarty et al. 2020",87.8975666788407,20.7791697543114
"Rhinolophus affinis","Chakravarty et al. 2020",87.8975666788407,20.7791697543114
"Rhinolophus affinis","Chakravarty et al. 2020",87.8975666788407,20.7791697543114
"Rhinolophus affinis","Chakravarty et al. 2020",88.0114987349603,28.6184882238507
"Rhinolophus affinis","Chakravarty et al. 2020",88.1152796363458,26.2521745081991
"Rhinolophus affinis","Chakravarty et al. 2020",88.1516766108573,24.4389930032194
"Rhinolophus affinis","Chakravarty et al. 2020",88.1516766108573,24.4389930032194
"Rhinolophus affinis","Chakravarty et al. 2020",88.1516766108573,24.4389930032194
"Rhinolophus affinis","Chakravarty et al. 2020",87.8975666788407,20.7791697543114
"Rhinolophus affinis","Chakravarty et al. 2020",88.1516766108573,24.4389930032194
"Rhinolophus affinis","Chakravarty et al. 2020",87.9329007338733,24.0092597711831
"Rhinolophus affinis","Chakravarty et al. 2020",87.8975666788407,20.7791697543114
"Rhinolophus affinis","Chakravarty et al. 2020",87.8975666788407,20.7791697543114
"Rhinolophus affinis","Chakravarty et al. 2020",87.8975666788407,20.7791697543114
"Rhinolophus affinis","Chakravarty et al. 2020",87.9329007338733,24.0092597711831
"Rhinolophus affinis","Chakravarty et al. 2020",88.0066949598026,27.3064645349979
"Rhinolophus affinis","Chakravarty et al. 2020",87.9329007338733,24.0092597711831
"Rhinolophus affinis","Chakravarty et al. 2020",87.7627050355077,18.2198913171887
"Rhinolophus affinis","Chakravarty et al. 2020",88.0114987349603,28.6184882238507
"Rhinolophus affinis","Chakravarty et al. 2020",87.8975666788407,20.7791697543114
"Rhinolophus affinis","Chakravarty et al. 2020",87.9329007338733,24.0092597711831
"Rhinolophus affinis","Chakravarty et al. 2020",88.0066949598026,27.3064645349979
"Rhinolophus affinis","Chakravarty et al. 2020",87.9329007338733,24.0092597711831
"Rhinolophus affinis","Chakravarty et al. 2020",88.0066949598026,27.3064645349979
"Rhinolophus affinis","Chakravarty et al. 2020",87.7627050355077,18.2198913171887
"Rhinolophus andamanensis","Srinivasulu et al. 2017",57.1756762002781,54.5284487662278
"Rhinolophus andamanensis","Srinivasulu et al. 2017",58.1487300221249,49.379418171267
"Rhinolophus andamanensis","Srinivasulu et al. 2017",57.6811388969421,43.6492407832015
"Rhinolophus andamanensis","Srinivasulu et al. 2017",58.1264701955393,47.1099188583111
"Rhinolophus andamanensis","Srinivasulu et al. 2017",57.4996280375496,46.6192993665207
"Rhinolophus andamanensis","Srinivasulu et al. 2017",57.3899391887337,46.0651208827645
"Rhinolophus andamanensis","Srinivasulu et al. 2017",57.3899391887337,46.0651208827645
"Rhinolophus andamanensis","Srinivasulu et al. 2017",57.7915352599695,46.8156434535701
"Rhinolophus andamanensis","Srinivasulu et al. 2017",57.2377142815664,54.1723375906423
"Rhinolophus andamanensis","Srinivasulu et al. 2017",57.831012214385,45.9389855903154
"Rhinolophus andamanensis","Srinivasulu et al. 2017",58.1740955622122,44.305368815246
"Rhinolophus andamanensis","Srinivasulu et al. 2017",57.7784215946123,48.5461760025984
"Rhinolophus andamanensis","Srinivasulu et al. 2017",57.89721325472,50.5709053197689
"Rhinolophus andamanensis","Srinivasulu et al. 2017",57.9467785614356,42.7856781556597
"Rhinolophus andamanensis","Srinivasulu et al. 2017",57.2311077426746,46.5525102859596
"Rhinolophus andamanensis","Srinivasulu et al. 2017",57.6295700441301,40.1127928031469
"Rhinolophus andamanensis","Srinivasulu et al. 2017",57.801383914277,50.4078116339026
"Rhinolophus andamanensis","Srinivasulu et al. 2017",57.6328070677444,52.5688454609551
"Rhinolophus andamanensis","Srinivasulu et al. 2017",57.8200338357687,45.8823087467533
"Rhinolophus andamanensis","Srinivasulu et al. 2017",57.8319726661593,51.0340172581049
"Rhinolophus andamanensis","Srinivasulu et al. 2017",57.4996280375496,46.6192993665207
"Rhinolophus andamanensis","Srinivasulu et al. 2017",57.0966435706243,47.4377766147628
"Rhinolophus andamanensis","Srinivasulu et al. 2017",57.1538701896742,38.7051253685541
"Rhinolophus andamanensis","Srinivasulu et al. 2017",57.7204391552135,50.0602833356708
"Rhinolophus andamanensis","Srinivasulu et al. 2017",57.1533484795317,53.7812548167678
"Rhinolophus andamanensis","Srinivasulu et al. 2017",58.1264701955393,47.1099188583111
"Rhinolophus andamanensis","Srinivasulu et al. 2017",57.1540568151697,45.0691507910146
"Rhinolophus andamanensis","Srinivasulu et al. 2017",57.6920386267081,49.2311747184768
"Rhinolophus andamanensis","Srinivasulu et al. 2017",57.5292719478905,53.1678358259285
"Rhinolophus andamanensis","Srinivasulu et al. 2017",58.1632508281246,48.0543403015472
"Rhinolophus andamanensis","Srinivasulu et al. 2017",58.188171210587,52.9485053438507
"Rhinolophus andamanensis","Srinivasulu et al. 2017",57.6458703387156,40.2127676563989
"Rhinolophus andamanensis","Srinivasulu et al. 2017",57.6458703387156,40.2127676563989
"Rhinolophus andamanensis","Srinivasulu et al. 2017",58.0290060703084,46.4318581992621
"Rhinolophus andamanensis","Srinivasulu et al. 2017",58.1264701955393,47.1099188583111
"Rhinolophus andamanensis","Srinivasulu et al. 2017",57.8131343375891,48.104367358475
"Rhinolophus andamanensis","Srinivasulu et al. 2017",58.1264701955393,47.1099188583111
"Rhinolophus andamanensis","Srinivasulu et al. 2017",57.3288302141055,44.1098401184054
"Rhinolophus andamanensis","Srinivasulu et al. 2017",58.1221467271447,51.0247208993183
"Rhinolophus andamanensis","Srinivasulu et al. 2017",57.4879855071753,45.1016749746678
"Rhinolophus andamanensis","Srinivasulu et al. 2017",57.6674255816266,51.9660223827977
"Rhinolophus andamanensis","Srinivasulu et al. 2017",57.8548008361831,51.3129840742797
"Rhinolophus andamanensis","Srinivasulu et al. 2017",58.1221467271447,51.0247208993183
"Rhinolophus andamanensis","Srinivasulu et al. 2017",58.1433477250487,40.3046587240975
"Rhinolophus andamanensis","Srinivasulu et al. 2017",57.6324868884683,41.351607592022
"Rhinolophus andamanensis","Srinivasulu et al. 2017",57.4996280375496,46.6192993665207
"Rhinolophus andamanensis","Srinivasulu et al. 2017",57.5292719478905,53.1678358259285
"Rhinolophus andamanensis","Srinivasulu et al. 2017",57.9351415883377,43.7648176712543
"Rhinolophus andamanensis","Srinivasulu et al. 2017",57.801383914277,50.4078116339026
"Rhinolophus andamanensis","Srinivasulu et al. 2017",57.3779055878893,47.3030346527789
"Rhinolophus beddomei","Raman & Hughes, 2020",43.3280635271268,61.5654792952957
"Rhinolophus beddomei","Raman & Hughes, 2020",43.6712833144376,58.3661682135146
"Rhinolophus beddomei","Present study",38.3737959039304,76.9865884797834
"Rhinolophus beddomei","Raman & Hughes, 2020",43.6712833144376,58.3661682135146
"Rhinolophus beddomei","Raman & Hughes, 2020",43.2978635338834,67.9898071138887
"Rhinolophus beddomei","Present study",38.7209409964411,63.4315419502044
"Rhinolophus beddomei","Raman & Hughes, 2020",42.7057018631324,58.3153121644771
"Rhinolophus beddomei","Raman & Hughes, 2020",42.8990759028727,66.7779556731787
"Rhinolophus beddomei","Present study",38.3737959039304,76.9865884797834
"Rhinolophus beddomei","Raman & Hughes, 2020",43.5265500203194,67.0332704048883
"Rhinolophus beddomei","Raman & Hughes, 2020",43.5526862484729,72.1497864552075
"Rhinolophus beddomei","Raman & Hughes, 2020",44.1779255208559,67.053299721973
"Rhinolophus beddomei","Raman & Hughes, 2020",44.1779255208559,67.053299721973
"Rhinolophus beddomei","Present study",38.5950351320812,59.6133351531997
"Rhinolophus beddomei","Raman & Hughes, 2020",43.5526862484729,72.1497864552075
"Rhinolophus beddomei","Raman & Hughes, 2020",42.8275629229238,57.9588891902566
"Rhinolophus beddomei","Raman & Hughes, 2020",43.118302093246,66.7927742550429
"Rhinolophus beddomei","Raman & Hughes, 2020",43.5668683891185,71.9711776226945
"Rhinolophus beddomei","Present study",37.8430385551089,62.090800685687
"Rhinolophus beddomei","Raman & Hughes, 2020",42.7057018631324,58.3153121644771
"Rhinolophus beddomei","Present study",38.5950351320812,59.6133351531997
"Rhinolophus beddomei","Raman & Hughes, 2020",43.5265500203194,67.0332704048883
"Rhinolophus beddomei","Present study",38.5075959617645,51.9354780880921
"Rhinolophus beddomei","Raman & Hughes, 2020",43.3801585952612,61.9850760572264
"Rhinolophus beddomei","Raman & Hughes, 2020",44.0328190593235,69.2632015476376
"Rhinolophus beddomei","Raman & Hughes, 2020",42.8275629229238,57.9588891902566
"Rhinolophus beddomei","Present study",38.5896156444587,58.6634829962812
"Rhinolophus beddomei","Raman & Hughes, 2020",43.0156942403549,63.6712077048607
"Rhinolophus beddomei","Raman & Hughes, 2020",43.2978635338834,67.9898071138887
"Rhinolophus beddomei","Raman & Hughes, 2020",43.843453452657,62.4657767772023
"Rhinolophus beddomei","Raman & Hughes, 2020",43.1948058825033,68.7558133142535
"Rhinolophus beddomei","Present study",38.7493621548777,77.9563589058304
"Rhinolophus beddomei","Raman & Hughes, 2020",42.8275629229238,57.9588891902566
"Rhinolophus beddomei","Raman & Hughes, 2020",42.8275629229238,57.9588891902566
"Rhinolophus beddomei","Raman & Hughes, 2020",43.3086018881109,67.0387907754024
"Rhinolophus beddomei","Present study",38.0855916803377,72.354870566465
"Rhinolophus beddomei","Raman & Hughes, 2020",43.8973951597838,65.9288862301409
"Rhinolophus beddomei","Raman & Hughes, 2020",42.763334656111,71.5635675402963
"Rhinolophus beddomei","Present study",38.3737959039304,76.9865884797834
"Rhinolophus beddomei","Present study",37.8430385551089,62.090800685687
"Rhinolophus beddomei","Raman & Hughes, 2020",43.7846470950823,58.9867317998502
"Rhinolophus beddomei","Raman & Hughes, 2020",44.040327052013,63.3090684142662
"Rhinolophus beddomei","Raman & Hughes, 2020",43.2653010365367,63.6010986038716
"Rhinolophus beddomei","Present study",37.7819641471049,80.447285718862
"Rhinolophus beddomei","Present study",38.5896156444587,58.6634829962812
"Rhinolophus beddomei","Raman & Hughes, 2020",43.8807506180182,57.3801202765759
"Rhinolophus beddomei","Raman & Hughes, 2020",42.9588166155573,60.6328684028843
"Rhinolophus beddomei","Raman & Hughes, 2020",42.8990759028727,66.7779556731787
"Rhinolophus beddomei","Present study",38.4754261914082,76.1738854428474
"Rhinolophus beddomei","Present study",38.0855916803377,72.354870566465
"Rhinolophus cognatus","Srinivasulu et al. 2017",89.4395998852141,61.2517040225863
"Rhinolophus cognatus","Srinivasulu et al. 2017",90.1313833941985,53.8730692401901
"Rhinolophus cognatus","Srinivasulu et al. 2017",89.1324452383723,55.681966608949
"Rhinolophus cognatus","Srinivasulu et al. 2017",89.9850358460844,46.420626443075
"Rhinolophus cognatus","Srinivasulu et al. 2017",89.4395998852141,61.2517040225863
"Rhinolophus cognatus","Srinivasulu et al. 2017",90.5246494995244,50.4451051515341
"Rhinolophus cognatus","Srinivasulu et al. 2017",91.0213414566405,44.6495019689388
"Rhinolophus cognatus","Srinivasulu et al. 2017",91.3158788476884,58.6954397860356
"Rhinolophus cognatus","Srinivasulu et al. 2017",89.5894259035867,60.8926989481412
"Rhinolophus cognatus","Srinivasulu et al. 2017",89.4395998852141,61.2517040225863
"Rhinolophus cognatus","Srinivasulu et al. 2017",90.1313833941985,53.8730692401901
"Rhinolophus cognatus","Srinivasulu et al. 2017",89.9835297619738,61.3339433827531
"Rhinolophus cognatus","Srinivasulu et al. 2017",88.908567375578,60.8372396241873
"Rhinolophus cognatus","Srinivasulu et al. 2017",89.9749964578822,48.4008552083187
"Rhinolophus cognatus","Srinivasulu et al. 2017",90.1313833941985,53.8730692401901
"Rhinolophus cognatus","Srinivasulu et al. 2017",91.0213414566405,44.6495019689388
"Rhinolophus cognatus","Srinivasulu et al. 2017",88.5887631313689,49.6519605519157
"Rhinolophus cognatus","Srinivasulu et al. 2017",89.9850358460844,46.420626443075
"Rhinolophus cognatus","Srinivasulu et al. 2017",89.1324452383723,55.681966608949
"Rhinolophus cognatus","Srinivasulu et al. 2017",90.6738831457496,46.8892473291978
"Rhinolophus cognatus","Srinivasulu et al. 2017",90.6738831457496,46.8892473291978
"Rhinolophus cognatus","Srinivasulu et al. 2017",90.2436164231785,54.7125859427545
"Rhinolophus cognatus","Srinivasulu et al. 2017",90.6254241315927,45.3434070901666
"Rhinolophus cognatus","Srinivasulu et al. 2017",89.9835297619738,61.3339433827531
"Rhinolophus cognatus","Srinivasulu et al. 2017",91.0213414566405,44.6495019689388
"Rhinolophus cognatus","Srinivasulu et al. 2017",89.9749964578822,48.4008552083187
"Rhinolophus cognatus","Srinivasulu et al. 2017",89.1324452383723,55.681966608949
"Rhinolophus cognatus","Srinivasulu et al. 2017",90.6776374469791,49.9596140355151
"Rhinolophus cognatus","Srinivasulu et al. 2017",90.2436164231785,54.7125859427545
"Rhinolophus cognatus","Srinivasulu et al. 2017",90.3781971266307,59.1475731884874
"Rhinolophus cognatus","Srinivasulu et al. 2017",91.2095619021729,48.2212613775581
"Rhinolophus cognatus","Srinivasulu et al. 2017",90.3237804023828,60.1900799873471
"Rhinolophus cognatus","Srinivasulu et al. 2017",89.5894259035867,60.8926989481412
"Rhinolophus cognatus","Srinivasulu et al. 2017",90.6254241315927,45.3434070901666
"Rhinolophus cognatus","Srinivasulu et al. 2017",89.9850358460844,46.420626443075
"Rhinolophus cognatus","Srinivasulu et al. 2017",91.3158788476884,58.6954397860356
"Rhinolophus cognatus","Srinivasulu et al. 2017",89.5894259035867,60.8926989481412
"Rhinolophus cognatus","Srinivasulu et al. 2017",89.9850358460844,46.420626443075
"Rhinolophus cognatus","Srinivasulu et al. 2017",90.7699147919938,53.0350215507206
"Rhinolophus cognatus","Srinivasulu et al. 2017",89.9701638087444,47.5683266786207
"Rhinolophus cognatus","Srinivasulu et al. 2017",90.6764200733323,50.7207510927599
"Rhinolophus cognatus","Srinivasulu et al. 2017",88.7564278834779,48.4199431142304
"Rhinolophus cognatus","Srinivasulu et al. 2017",90.5246494995244,50.4451051515341
"Rhinolophus cognatus","Srinivasulu et al. 2017",89.5894259035867,60.8926989481412
"Rhinolophus cognatus","Srinivasulu et al. 2017",90.6254241315927,45.3434070901666
"Rhinolophus cognatus","Srinivasulu et al. 2017",90.2908533223253,47.2328710433282
"Rhinolophus cognatus","Srinivasulu et al. 2017",89.0410469105281,61.6286144893337
"Rhinolophus cognatus","Srinivasulu et al. 2017",89.4114305675775,44.8910198426712
"Rhinolophus cognatus","Srinivasulu et al. 2017",89.53950579728,52.6925158799533
"Rhinolophus cognatus","Srinivasulu et al. 2017",89.9701638087444,47.5683266786207
"Rhinolophus lepidus","Raman & Hughes, 2020",101.347303400412,39.3449604377337
"Rhinolophus lepidus","Raman & Hughes, 2020",100.815872729914,29.6651081866398
"Rhinolophus lepidus","Raman & Hughes, 2020",104.217058967808,24.1254366300348
"Rhinolophus lepidus","Raman & Hughes, 2020",102.588841852229,27.5018753185961
"Rhinolophus lepidus","Raman & Hughes, 2020",100.951762241246,40.9596167044155
"Rhinolophus lepidus","Raman & Hughes, 2020",100.946071354961,24.5800399523508
"Rhinolophus lepidus","Raman & Hughes, 2020",101.065464747995,20.4373599390686
"Rhinolophus lepidus","Raman & Hughes, 2020",101.226805359395,39.2437186793704
"Rhinolophus lepidus","Raman & Hughes, 2020",103.035630083606,38.9436828701943
"Rhinolophus lepidus","Raman & Hughes, 2020",103.109228455741,30.6915598376002
"Rhinolophus lepidus","Wordley et al. 2014",103.386181339142,28.6108875015005
"Rhinolophus lepidus","Raman & Hughes, 2020",101.439240395753,39.2554365459643
"Rhinolophus lepidus","Raman & Hughes, 2020",103.466065423936,33.9554605494533
"Rhinolophus lepidus","Raman & Hughes, 2020",102.27852744096,39.6676787993778
"Rhinolophus lepidus","Raman & Hughes, 2020",101.936433807965,27.5745639167074
"Rhinolophus lepidus","Raman & Hughes, 2020",102.242469067909,18.4345559365489
"Rhinolophus lepidus","Raman & Hughes, 2020",100.942625326738,21.7922990562022
"Rhinolophus lepidus","Raman & Hughes, 2020",103.203462878093,27.4258549131826
"Rhinolophus lepidus","Raman & Hughes, 2020",101.43473540592,31.3273748865724
"Rhinolophus lepidus","Wordley et al. 2014",102.506483019888,28.3017488386203
"Rhinolophus lepidus","Raman & Hughes, 2020",102.092647233959,39.1359792967793
"Rhinolophus lepidus","Raman & Hughes, 2020",103.466065423936,33.9554605494533
"Rhinolophus lepidus","Raman & Hughes, 2020",101.930277405782,26.8646354409866
"Rhinolophus lepidus","Raman & Hughes, 2020",102.248938856563,35.0492302283458
"Rhinolophus lepidus","Raman & Hughes, 2020",104.008653723504,39.1487474571913
"Rhinolophus lepidus","Raman & Hughes, 2020",102.782239801269,23.2996668307949
"Rhinolophus lepidus","Raman & Hughes, 2020",101.33219195459,32.8539502182417
"Rhinolophus lepidus","Raman & Hughes, 2020",100.807803480877,26.4031784813572
"Rhinolophus lepidus","Raman & Hughes, 2020",103.035630083606,38.9436828701943
"Rhinolophus lepidus","Raman & Hughes, 2020",101.459879839374,22.6269720909558
"Rhinolophus lepidus","Raman & Hughes, 2020",100.942625326738,21.7922990562022
"Rhinolophus lepidus","Raman & Hughes, 2020",101.938080740413,24.7662422092352
"Rhinolophus lepidus","Raman & Hughes, 2020",101.886780313617,39.3981562506314
"Rhinolophus lepidus","Raman & Hughes, 2020",102.543873832915,24.3281806482747
"Rhinolophus lepidus","Raman & Hughes, 2020",101.347303400412,39.3449604377337
"Rhinolophus lepidus","Raman & Hughes, 2020",101.308622814957,30.1218944384903
"Rhinolophus lepidus","Present study",97.3929388415813,51.0740914344322
"Rhinolophus lepidus","Raman & Hughes, 2020",102.751469457084,23.9940327478852
"Rhinolophus lepidus","Raman & Hughes, 2020",103.437345519653,34.6506728572864
"Rhinolophus lepidus","Raman & Hughes, 2020",102.430315655172,39.3112522329297
"Rhinolophus lepidus","Raman & Hughes, 2020",103.868634929983,20.361128408853
"Rhinolophus lepidus","Wordley et al. 2014",101.505784701942,17.0686839283537
"Rhinolophus lepidus","Raman & Hughes, 2020",102.588841852229,27.5018753185961
"Rhinolophus lepidus","Raman & Hughes, 2020",101.953636696758,25.9747282240726
"Rhinolophus lepidus","Raman & Hughes, 2020",101.744364951272,26.2019245551713
"Rhinolophus lepidus","Raman & Hughes, 2020",100.942588145062,28.7232786462829
"Rhinolophus lepidus","Raman & Hughes, 2020",102.790103193391,27.0800102482922
"Rhinolophus lepidus","Raman & Hughes, 2020",104.130579062188,28.6080821885169
"Rhinolophus lepidus","Raman & Hughes, 2020",102.782239801269,23.2996668307949
"Rhinolophus lepidus","Wordley et al. 2014",101.7488893185,20.9524900545832
"Rhinolophus pearsonii","Chakravarty et al. 2020",61.2206766884774,40.593113906635
"Rhinolophus pearsonii","Chakravarty et al. 2020",61.2206766884774,40.593113906635
"Rhinolophus pearsonii","Chakravarty et al. 2020",61.3859309021849,41.5388057504315
"Rhinolophus pearsonii","Chakravarty et al. 2020",61.3859309021849,41.5388057504315
"Rhinolophus pearsonii","Chakravarty et al. 2020",61.2206766884774,40.593113906635
"Rhinolophus pearsonii","Chakravarty et al. 2020",61.2206766884774,40.593113906635
"Rhinolophus pearsonii","Chakravarty et al. 2020",61.4294252259657,44.6807715136558
"Rhinolophus pearsonii","Chakravarty et al. 2020",61.5354129832704,38.7001834146678
"Rhinolophus pearsonii","Chakravarty et al. 2020",61.5354129832704,38.7001834146678
"Rhinolophus pearsonii","Chakravarty et al. 2020",61.2206766884774,40.593113906635
"Rhinolophus pearsonii","Chakravarty et al. 2020",61.4294252259657,44.6807715136558
"Rhinolophus pearsonii","Chakravarty et al. 2020",61.3859309021849,41.5388057504315
"Rhinolophus pearsonii","Chakravarty et al. 2020",61.4294252259657,44.6807715136558
"Rhinolophus pearsonii","Chakravarty et al. 2020",61.5354129832704,38.7001834146678
"Rhinolophus pearsonii","Chakravarty et al. 2020",61.5354129832704,38.7001834146678
"Rhinolophus pearsonii","Chakravarty et al. 2020",61.4294252259657,44.6807715136558
"Rhinolophus pearsonii","Chakravarty et al. 2020",61.2206766884774,40.593113906635
"Rhinolophus pearsonii","Chakravarty et al. 2020",61.4294252259657,44.6807715136558
"Rhinolophus pearsonii","Chakravarty et al. 2020",61.5354129832704,38.7001834146678
"Rhinolophus pearsonii","Chakravarty et al. 2020",61.3859309021849,41.5388057504315
"Rhinolophus pearsonii","Chakravarty et al. 2020",61.2206766884774,40.593113906635
"Rhinolophus pearsonii","Chakravarty et al. 2020",61.2206766884774,40.593113906635
"Rhinolophus pearsonii","Chakravarty et al. 2020",61.5354129832704,38.7001834146678
"Rhinolophus pearsonii","Chakravarty et al. 2020",61.2206766884774,40.593113906635
"Rhinolophus pearsonii","Chakravarty et al. 2020",61.4294252259657,44.6807715136558
"Rhinolophus pearsonii","Chakravarty et al. 2020",61.4294252259657,44.6807715136558
"Rhinolophus pearsonii","Chakravarty et al. 2020",61.5354129832704,38.7001834146678
"Rhinolophus pearsonii","Chakravarty et al. 2020",61.3859309021849,41.5388057504315
"Rhinolophus pearsonii","Chakravarty et al. 2020",61.2206766884774,40.593113906635
"Rhinolophus pearsonii","Chakravarty et al. 2020",61.3859309021849,41.5388057504315
"Rhinolophus pearsonii","Chakravarty et al. 2020",61.3859309021849,41.5388057504315
"Rhinolophus pearsonii","Chakravarty et al. 2020",61.3859309021849,41.5388057504315
"Rhinolophus pearsonii","Chakravarty et al. 2020",61.4294252259657,44.6807715136558
"Rhinolophus pearsonii","Chakravarty et al. 2020",61.5354129832704,38.7001834146678
"Rhinolophus pearsonii","Chakravarty et al. 2020",61.5354129832704,38.7001834146678
"Rhinolophus pearsonii","Chakravarty et al. 2020",61.2206766884774,40.593113906635
"Rhinolophus pearsonii","Chakravarty et al. 2020",61.5354129832704,38.7001834146678
"Rhinolophus pearsonii","Chakravarty et al. 2020",61.4294252259657,44.6807715136558
"Rhinolophus pearsonii","Chakravarty et al. 2020",61.4294252259657,44.6807715136558
"Rhinolophus pearsonii","Chakravarty et al. 2020",61.5354129832704,38.7001834146678
"Rhinolophus pearsonii","Chakravarty et al. 2020",61.5354129832704,38.7001834146678
"Rhinolophus pearsonii","Chakravarty et al. 2020",61.5354129832704,38.7001834146678
"Rhinolophus pearsonii","Chakravarty et al. 2020",61.3859309021849,41.5388057504315
"Rhinolophus pearsonii","Chakravarty et al. 2020",61.5354129832704,38.7001834146678
"Rhinolophus pearsonii","Chakravarty et al. 2020",61.2206766884774,40.593113906635
"Rhinolophus pearsonii","Chakravarty et al. 2020",61.4294252259657,44.6807715136558
"Rhinolophus pearsonii","Chakravarty et al. 2020",61.4294252259657,44.6807715136558
"Rhinolophus pearsonii","Chakravarty et al. 2020",61.5354129832704,38.7001834146678
"Rhinolophus pearsonii","Chakravarty et al. 2020",61.4294252259657,44.6807715136558
"Rhinolophus pearsonii","Chakravarty et al. 2020",61.5354129832704,38.7001834146678
"Rhinolophus perniger","Chakravarty et al. 2020",31.2980461652484,82.200602909578
"Rhinolophus perniger","Chakravarty et al. 2020",31.2980461652484,82.200602909578
"Rhinolophus perniger","Chakravarty et al. 2020",31.2980461652484,82.200602909578
"Rhinolophus perniger","Chakravarty et al. 2020",31.2980461652484,82.200602909578
"Rhinolophus perniger","Chakravarty et al. 2020",31.2980461652484,82.200602909578
"Rhinolophus perniger","Chakravarty et al. 2020",31.2980461652484,82.200602909578
"Rhinolophus perniger","Chakravarty et al. 2020",31.2980461652484,82.200602909578
"Rhinolophus perniger","Chakravarty et al. 2020",31.2980461652484,82.200602909578
"Rhinolophus perniger","Chakravarty et al. 2020",31.2980461652484,82.200602909578
"Rhinolophus perniger","Chakravarty et al. 2020",31.2980461652484,82.200602909578
"Rhinolophus perniger","Chakravarty et al. 2020",31.2980461652484,82.200602909578
"Rhinolophus perniger","Chakravarty et al. 2020",31.2980461652484,82.200602909578
"Rhinolophus perniger","Chakravarty et al. 2020",31.2980461652484,82.200602909578
"Rhinolophus perniger","Chakravarty et al. 2020",31.2980461652484,82.200602909578
"Rhinolophus perniger","Chakravarty et al. 2020",31.2980461652484,82.200602909578
"Rhinolophus perniger","Chakravarty et al. 2020",31.2980461652484,82.200602909578
"Rhinolophus perniger","Chakravarty et al. 2020",31.2980461652484,82.200602909578
"Rhinolophus perniger","Chakravarty et al. 2020",31.2980461652484,82.200602909578
"Rhinolophus perniger","Chakravarty et al. 2020",31.2980461652484,82.200602909578
"Rhinolophus perniger","Chakravarty et al. 2020",31.2980461652484,82.200602909578
"Rhinolophus perniger","Chakravarty et al. 2020",31.2980461652484,82.200602909578
"Rhinolophus perniger","Chakravarty et al. 2020",31.2980461652484,82.200602909578
"Rhinolophus perniger","Chakravarty et al. 2020",31.2980461652484,82.200602909578
"Rhinolophus perniger","Chakravarty et al. 2020",31.2980461652484,82.200602909578
"Rhinolophus perniger","Chakravarty et al. 2020",31.2980461652484,82.200602909578
"Rhinolophus perniger","Chakravarty et al. 2020",31.2980461652484,82.200602909578
"Rhinolophus perniger","Chakravarty et al. 2020",31.2980461652484,82.200602909578
"Rhinolophus perniger","Chakravarty et al. 2020",31.2980461652484,82.200602909578
"Rhinolophus perniger","Chakravarty et al. 2020",31.2980461652484,82.200602909578
"Rhinolophus perniger","Chakravarty et al. 2020",31.2980461652484,82.200602909578
"Rhinolophus perniger","Chakravarty et al. 2020",31.2980461652484,82.200602909578
"Rhinolophus perniger","Chakravarty et al. 2020",31.2980461652484,82.200602909578
"Rhinolophus perniger","Chakravarty et al. 2020",31.2980461652484,82.200602909578
"Rhinolophus perniger","Chakravarty et al. 2020",31.2980461652484,82.200602909578
"Rhinolophus perniger","Chakravarty et al. 2020",31.2980461652484,82.200602909578
"Rhinolophus perniger","Chakravarty et al. 2020",31.2980461652484,82.200602909578
"Rhinolophus perniger","Chakravarty et al. 2020",31.2980461652484,82.200602909578
"Rhinolophus perniger","Chakravarty et al. 2020",31.2980461652484,82.200602909578
"Rhinolophus perniger","Chakravarty et al. 2020",31.2980461652484,82.200602909578
"Rhinolophus perniger","Chakravarty et al. 2020",31.2980461652484,82.200602909578
"Rhinolophus perniger","Chakravarty et al. 2020",31.2980461652484,82.200602909578
"Rhinolophus perniger","Chakravarty et al. 2020",31.2980461652484,82.200602909578
"Rhinolophus perniger","Chakravarty et al. 2020",31.2980461652484,82.200602909578
"Rhinolophus perniger","Chakravarty et al. 2020",31.2980461652484,82.200602909578
"Rhinolophus perniger","Chakravarty et al. 2020",31.2980461652484,82.200602909578
"Rhinolophus perniger","Chakravarty et al. 2020",31.2980461652484,82.200602909578
"Rhinolophus perniger","Chakravarty et al. 2020",31.2980461652484,82.200602909578
"Rhinolophus perniger","Chakravarty et al. 2020",31.2980461652484,82.200602909578
"Rhinolophus perniger","Chakravarty et al. 2020",31.2980461652484,82.200602909578
"Rhinolophus perniger","Chakravarty et al. 2020",31.2980461652484,82.200602909578
"Rhinolophus pusillus","Chakravarty et al. 2020",111.492666559694,28.5942591590574
"Rhinolophus pusillus","Chakravarty et al. 2020",111.492666559694,28.5942591590574
"Rhinolophus pusillus","Chakravarty et al. 2020",111.492666559694,28.5942591590574
"Rhinolophus pusillus","Chakravarty et al. 2020",111.492666559694,28.5942591590574
"Rhinolophus pusillus","Chakravarty et al. 2020",111.492666559694,28.5942591590574
"Rhinolophus pusillus","Chakravarty et al. 2020",111.492666559694,28.5942591590574
"Rhinolophus pusillus","Chakravarty et al. 2020",111.492666559694,28.5942591590574
"Rhinolophus pusillus","Chakravarty et al. 2020",111.492666559694,28.5942591590574
"Rhinolophus pusillus","Chakravarty et al. 2020",111.492666559694,28.5942591590574
"Rhinolophus pusillus","Chakravarty et al. 2020",111.492666559694,28.5942591590574
"Rhinolophus pusillus","Chakravarty et al. 2020",111.492666559694,28.5942591590574
"Rhinolophus pusillus","Chakravarty et al. 2020",111.492666559694,28.5942591590574
"Rhinolophus pusillus","Chakravarty et al. 2020",111.492666559694,28.5942591590574
"Rhinolophus pusillus","Chakravarty et al. 2020",111.492666559694,28.5942591590574
"Rhinolophus pusillus","Chakravarty et al. 2020",111.492666559694,28.5942591590574
"Rhinolophus pusillus","Chakravarty et al. 2020",111.492666559694,28.5942591590574
"Rhinolophus pusillus","Chakravarty et al. 2020",111.492666559694,28.5942591590574
"Rhinolophus pusillus","Chakravarty et al. 2020",111.492666559694,28.5942591590574
"Rhinolophus pusillus","Chakravarty et al. 2020",111.492666559694,28.5942591590574
"Rhinolophus pusillus","Chakravarty et al. 2020",111.492666559694,28.5942591590574
"Rhinolophus pusillus","Chakravarty et al. 2020",111.492666559694,28.5942591590574
"Rhinolophus pusillus","Chakravarty et al. 2020",111.492666559694,28.5942591590574
"Rhinolophus pusillus","Chakravarty et al. 2020",111.492666559694,28.5942591590574
"Rhinolophus pusillus","Chakravarty et al. 2020",111.492666559694,28.5942591590574
"Rhinolophus pusillus","Chakravarty et al. 2020",111.492666559694,28.5942591590574
"Rhinolophus pusillus","Chakravarty et al. 2020",111.492666559694,28.5942591590574
"Rhinolophus pusillus","Chakravarty et al. 2020",111.492666559694,28.5942591590574
"Rhinolophus pusillus","Chakravarty et al. 2020",111.492666559694,28.5942591590574
"Rhinolophus pusillus","Chakravarty et al. 2020",111.492666559694,28.5942591590574
"Rhinolophus pusillus","Chakravarty et al. 2020",111.492666559694,28.5942591590574
"Rhinolophus pusillus","Chakravarty et al. 2020",111.492666559694,28.5942591590574
"Rhinolophus pusillus","Chakravarty et al. 2020",111.492666559694,28.5942591590574
"Rhinolophus pusillus","Chakravarty et al. 2020",111.492666559694,28.5942591590574
"Rhinolophus pusillus","Chakravarty et al. 2020",111.492666559694,28.5942591590574
"Rhinolophus pusillus","Chakravarty et al. 2020",111.492666559694,28.5942591590574
"Rhinolophus pusillus","Chakravarty et al. 2020",111.492666559694,28.5942591590574
"Rhinolophus pusillus","Chakravarty et al. 2020",111.492666559694,28.5942591590574
"Rhinolophus pusillus","Chakravarty et al. 2020",111.492666559694,28.5942591590574
"Rhinolophus pusillus","Chakravarty et al. 2020",111.492666559694,28.5942591590574
"Rhinolophus pusillus","Chakravarty et al. 2020",111.492666559694,28.5942591590574
"Rhinolophus pusillus","Chakravarty et al. 2020",111.492666559694,28.5942591590574
"Rhinolophus pusillus","Chakravarty et al. 2020",111.492666559694,28.5942591590574
"Rhinolophus pusillus","Chakravarty et al. 2020",111.492666559694,28.5942591590574
"Rhinolophus pusillus","Chakravarty et al. 2020",111.492666559694,28.5942591590574
"Rhinolophus pusillus","Chakravarty et al. 2020",111.492666559694,28.5942591590574
"Rhinolophus pusillus","Chakravarty et al. 2020",111.492666559694,28.5942591590574
"Rhinolophus pusillus","Chakravarty et al. 2020",111.492666559694,28.5942591590574
"Rhinolophus pusillus","Chakravarty et al. 2020",111.492666559694,28.5942591590574
"Rhinolophus pusillus","Chakravarty et al. 2020",111.492666559694,28.5942591590574
"Rhinolophus pusillus","Chakravarty et al. 2020",111.492666559694,28.5942591590574
"Rhinolophus rouxii","Wordley et al. 2014",91.2609171872213,24.0238048815727
"Rhinolophus rouxii","Raman & Hughes, 2020",80.7221728653181,30.9269232388586
"Rhinolophus rouxii","Raman & Hughes, 2020",83.1332483426202,26.8577121576294
"Rhinolophus rouxii","Raman & Hughes, 2020",82.9862798249349,31.1653965732083
"Rhinolophus rouxii","Wordley et al. 2014",93.0344288754649,24.5940380437858
"Rhinolophus rouxii","Raman & Hughes, 2020",81.4912737583741,31.4872641449794
"Rhinolophus rouxii","Raman & Hughes, 2020",80.6553733142558,35.4274706101045
"Rhinolophus rouxii","Raman & Hughes, 2020",82.0459083638154,22.605864329543
"Rhinolophus rouxii","Wordley et al. 2014",92.7311537056882,29.4356176019274
"Rhinolophus rouxii","Raman & Hughes, 2020",81.7152498416137,27.6756824412383
"Rhinolophus rouxii","Raman & Hughes, 2020",80.9483133979142,34.9393752750941
"Rhinolophus rouxii","Raman & Hughes, 2020",80.5589724934194,32.2680449607782
"Rhinolophus rouxii","Raman & Hughes, 2020",82.7458774052095,38.2930817790329
"Rhinolophus rouxii","Raman & Hughes, 2020",80.2049247292336,32.2314590282738
"Rhinolophus rouxii","Wordley et al. 2014",92.5070765860844,35.7269454061147
"Rhinolophus rouxii","Wordley et al. 2014",91.8932953660563,15.2458018712327
"Rhinolophus rouxii","Raman & Hughes, 2020",80.57507770597,21.3127387754619
"Rhinolophus rouxii","Wordley et al. 2014",91.6041932362039,21.5511110318452
"Rhinolophus rouxii","Raman & Hughes, 2020",81.9814123140648,39.1736897274852
"Rhinolophus rouxii","Wordley et al. 2014",92.7311537056882,29.4356176019274
"Rhinolophus rouxii","Wordley et al. 2014",91.3769680056628,23.3107631639671
"Rhinolophus rouxii","Raman & Hughes, 2020",81.7152498416137,27.6756824412383
"Rhinolophus rouxii","Wordley et al. 2014",92.4864379505441,28.4343153076805
"Rhinolophus rouxii","Raman & Hughes, 2020",81.9159195295069,33.5323471623473
"Rhinolophus rouxii","Raman & Hughes, 2020",82.2327640291303,26.4528754302301
"Rhinolophus rouxii","Raman & Hughes, 2020",81.2218734519556,29.0822422050871
"Rhinolophus rouxii","Wordley et al. 2014",92.0009520770796,15.9608275644574
"Rhinolophus rouxii","Raman & Hughes, 2020",79.9050493353046,30.7941786239855
"Rhinolophus rouxii","Raman & Hughes, 2020",82.9562878086697,29.1530729746446
"Rhinolophus rouxii","Raman & Hughes, 2020",81.3546617646702,28.9501028477214
"Rhinolophus rouxii","Raman & Hughes, 2020",80.6824404018465,29.1958672258072
"Rhinolophus rouxii","Raman & Hughes, 2020",81.0407059872057,41.5777042629197
"Rhinolophus rouxii","Raman & Hughes, 2020",80.1270521733444,32.2042725834996
"Rhinolophus rouxii","Raman & Hughes, 2020",82.3440382659901,41.8647502399981
"Rhinolophus rouxii","Raman & Hughes, 2020",81.6182776850183,33.1858908107504
"Rhinolophus rouxii","Raman & Hughes, 2020",83.0037381274626,29.6037583486177
"Rhinolophus rouxii","Raman & Hughes, 2020",81.7004406928085,30.1627049461007
"Rhinolophus rouxii","Raman & Hughes, 2020",81.968248883076,31.0950434383005
"Rhinolophus rouxii","Raman & Hughes, 2020",80.7944728753529,25.9592253842391
"Rhinolophus rouxii","Raman & Hughes, 2020",81.0413836460095,38.4105682394467
"Rhinolophus rouxii","Raman & Hughes, 2020",81.2789142257534,27.3311043433845
"Rhinolophus rouxii","Raman & Hughes, 2020",82.9295345050748,25.5981801463291
"Rhinolophus rouxii","Raman & Hughes, 2020",80.440837838687,26.9325834308751
"Rhinolophus rouxii","Raman & Hughes, 2020",81.8805749201681,44.645669627469
"Rhinolophus rouxii","Raman & Hughes, 2020",82.0624541017692,21.991125465557
"Rhinolophus rouxii","Raman & Hughes, 2020",80.4110601412132,26.9317958577536
"Rhinolophus rouxii","Raman & Hughes, 2020",82.8950909485109,38.4787990370765
"Rhinolophus rouxii","Raman & Hughes, 2020",80.6553733142558,35.4274706101045
"Rhinolophus rouxii","Raman & Hughes, 2020",80.57507770597,21.3127387754619
"Rhinolophus rouxii","Raman & Hughes, 2020",83.1023494068533,47.0545939993113
"Rhinolophus sinicus","Chakravarty et al. 2020",87.907306501423,42.1015857507149
"Rhinolophus sinicus","Chakravarty et al. 2020",87.907306501423,42.1015857507149
"Rhinolophus sinicus","Chakravarty et al. 2020",87.907306501423,42.1015857507149
"Rhinolophus sinicus","Chakravarty et al. 2020",87.907306501423,42.1015857507149
"Rhinolophus sinicus","Chakravarty et al. 2020",87.907306501423,42.1015857507149
"Rhinolophus sinicus","Chakravarty et al. 2020",87.907306501423,42.1015857507149
"Rhinolophus sinicus","Chakravarty et al. 2020",87.907306501423,42.1015857507149
"Rhinolophus sinicus","Chakravarty et al. 2020",87.907306501423,42.1015857507149
"Rhinolophus sinicus","Chakravarty et al. 2020",87.907306501423,42.1015857507149
"Rhinolophus sinicus","Chakravarty et al. 2020",87.907306501423,42.1015857507149
"Rhinolophus sinicus","Chakravarty et al. 2020",87.907306501423,42.1015857507149
"Rhinolophus sinicus","Chakravarty et al. 2020",87.907306501423,42.1015857507149
"Rhinolophus sinicus","Chakravarty et al. 2020",87.907306501423,42.1015857507149
"Rhinolophus sinicus","Chakravarty et al. 2020",87.907306501423,42.1015857507149
"Rhinolophus sinicus","Chakravarty et al. 2020",87.907306501423,42.1015857507149
"Rhinolophus sinicus","Chakravarty et al. 2020",87.907306501423,42.1015857507149
"Rhinolophus sinicus","Chakravarty et al. 2020",87.907306501423,42.1015857507149
"Rhinolophus sinicus","Chakravarty et al. 2020",87.907306501423,42.1015857507149
"Rhinolophus sinicus","Chakravarty et al. 2020",87.907306501423,42.1015857507149
"Rhinolophus sinicus","Chakravarty et al. 2020",87.907306501423,42.1015857507149
"Rhinolophus sinicus","Chakravarty et al. 2020",87.907306501423,42.1015857507149
"Rhinolophus sinicus","Chakravarty et al. 2020",87.907306501423,42.1015857507149
"Rhinolophus sinicus","Chakravarty et al. 2020",87.907306501423,42.1015857507149
"Rhinolophus sinicus","Chakravarty et al. 2020",87.907306501423,42.1015857507149
"Rhinolophus sinicus","Chakravarty et al. 2020",87.907306501423,42.1015857507149
"Rhinolophus sinicus","Chakravarty et al. 2020",87.907306501423,42.1015857507149
"Rhinolophus sinicus","Chakravarty et al. 2020",87.907306501423,42.1015857507149
"Rhinolophus sinicus","Chakravarty et al. 2020",87.907306501423,42.1015857507149
"Rhinolophus sinicus","Chakravarty et al. 2020",87.907306501423,42.1015857507149
"Rhinolophus sinicus","Chakravarty et al. 2020",87.907306501423,42.1015857507149
"Rhinolophus sinicus","Chakravarty et al. 2020",87.907306501423,42.1015857507149
"Rhinolophus sinicus","Chakravarty et al. 2020",87.907306501423,42.1015857507149
"Rhinolophus sinicus","Chakravarty et al. 2020",87.907306501423,42.1015857507149
"Rhinolophus sinicus","Chakravarty et al. 2020",87.907306501423,42.1015857507149
"Rhinolophus sinicus","Chakravarty et al. 2020",87.907306501423,42.1015857507149
"Rhinolophus sinicus","Chakravarty et al. 2020",87.907306501423,42.1015857507149
"Rhinolophus sinicus","Chakravarty et al. 2020",87.907306501423,42.1015857507149
"Rhinolophus sinicus","Chakravarty et al. 2020",87.907306501423,42.1015857507149
"Rhinolophus sinicus","Chakravarty et al. 2020",87.907306501423,42.1015857507149
"Rhinolophus sinicus","Chakravarty et al. 2020",87.907306501423,42.1015857507149
"Rhinolophus sinicus","Chakravarty et al. 2020",87.907306501423,42.1015857507149
"Rhinolophus sinicus","Chakravarty et al. 2020",87.907306501423,42.1015857507149
"Rhinolophus sinicus","Chakravarty et al. 2020",87.907306501423,42.1015857507149
"Rhinolophus sinicus","Chakravarty et al. 2020",87.907306501423,42.1015857507149
"Rhinolophus sinicus","Chakravarty et al. 2020",87.907306501423,42.1015857507149
"Rhinolophus sinicus","Chakravarty et al. 2020",87.907306501423,42.1015857507149
"Rhinolophus sinicus","Chakravarty et al. 2020",87.907306501423,42.1015857507149
"Rhinolophus sinicus","Chakravarty et al. 2020",87.907306501423,42.1015857507149
"Rhinolophus sinicus","Chakravarty et al. 2020",87.907306501423,42.1015857507149
"Rhinolophus sinicus","Chakravarty et al. 2020",87.907306501423,42.1015857507149
